--------------------------------------------------------
--  파일이 생성됨 - 금요일-5월-02-2025   
--------------------------------------------------------
--------------------------------------------------------
--  DDL for Sequence CHAT_MESSAGES_SEQ
--------------------------------------------------------

   CREATE SEQUENCE  "PRJDB"."CHAT_MESSAGES_SEQ"  MINVALUE 1 MAXVALUE 9999999999999999999999999999 INCREMENT BY 1 START WITH 755 NOCACHE  NOORDER  NOCYCLE
--------------------------------------------------------
--  DDL for Sequence CHAT_ROOMS_SEQ
--------------------------------------------------------

   CREATE SEQUENCE  "PRJDB"."CHAT_ROOMS_SEQ"  MINVALUE 1 MAXVALUE 9999999999999999999999999999 INCREMENT BY 1 START WITH 20 NOCACHE  NOORDER  NOCYCLE
--------------------------------------------------------
--  DDL for Sequence CHAT_ROOM_SEQ
--------------------------------------------------------

   CREATE SEQUENCE  "PRJDB"."CHAT_ROOM_SEQ"  MINVALUE 1 MAXVALUE 9999999999999999999999999999 INCREMENT BY 1 START WITH 18 NOCACHE  NOORDER  NOCYCLE
--------------------------------------------------------
--  DDL for Sequence CONTRACT_SEQ
--------------------------------------------------------

   CREATE SEQUENCE  "PRJDB"."CONTRACT_SEQ"  MINVALUE 1 MAXVALUE 9999999999999999999999999999 INCREMENT BY 1 START WITH 25 NOCACHE  NOORDER  NOCYCLE
--------------------------------------------------------
--  DDL for Sequence FILES_SEQ
--------------------------------------------------------

   CREATE SEQUENCE  "PRJDB"."FILES_SEQ"  MINVALUE 1 MAXVALUE 9999999999999999999999999999 INCREMENT BY 1 START WITH 75 NOCACHE  NOORDER  NOCYCLE
--------------------------------------------------------
--  DDL for Sequence REQUEST_SEQ
--------------------------------------------------------

   CREATE SEQUENCE  "PRJDB"."REQUEST_SEQ"  MINVALUE 1 MAXVALUE 9999999999999999999999999999 INCREMENT BY 1 START WITH 25 NOCACHE  NOORDER  NOCYCLE
--------------------------------------------------------
--  DDL for Sequence USER_DESIGN_SEQ
--------------------------------------------------------

   CREATE SEQUENCE  "PRJDB"."USER_DESIGN_SEQ"  MINVALUE 1 MAXVALUE 9999999999999999999999999999 INCREMENT BY 1 START WITH 10 NOCACHE  NOORDER  NOCYCLE
--------------------------------------------------------
--  DDL for Table CHAT_MESSAGES
--------------------------------------------------------

  CREATE TABLE "PRJDB"."CHAT_MESSAGES" 
   (	"ID" NUMBER, 
	"ROOMID" NUMBER NOT NULL ENABLE, 
	"SENDER" VARCHAR2(255), 
	"CONTENT" CLOB, 
	"TYPE" VARCHAR2(10), 
	"TIMESTAMP" DATE DEFAULT SYSDATE, 
	"FILENAME" VARCHAR2(512), 
	 PRIMARY KEY ("ID")
  USING INDEX PCTFREE 10 INITRANS 2 MAXTRANS 255 COMPUTE STATISTICS 
  STORAGE(INITIAL 65536 NEXT 1048576 MINEXTENTS 1 MAXEXTENTS 2147483645
  PCTINCREASE 0 FREELISTS 1 FREELIST GROUPS 1 BUFFER_POOL DEFAULT FLASH_CACHE DEFAULT CELL_FLASH_CACHE DEFAULT)
  TABLESPACE "SYSTEM"  ENABLE, 
	 CONSTRAINT "FK_ROOM" FOREIGN KEY ("ROOMID")
	  REFERENCES "PRJDB"."CHAT_ROOMS" ("ID") ENABLE
   ) SEGMENT CREATION IMMEDIATE 
  PCTFREE 10 PCTUSED 40 INITRANS 1 MAXTRANS 255 NOCOMPRESS LOGGING
  STORAGE(INITIAL 65536 NEXT 1048576 MINEXTENTS 1 MAXEXTENTS 2147483645
  PCTINCREASE 0 FREELISTS 1 FREELIST GROUPS 1 BUFFER_POOL DEFAULT FLASH_CACHE DEFAULT CELL_FLASH_CACHE DEFAULT)
  TABLESPACE "SYSTEM" 
 LOB ("CONTENT") STORE AS BASICFILE (
  TABLESPACE "SYSTEM" ENABLE STORAGE IN ROW CHUNK 8192 RETENTION 
  NOCACHE LOGGING 
  STORAGE(INITIAL 65536 NEXT 1048576 MINEXTENTS 1 MAXEXTENTS 2147483645
  PCTINCREASE 0 FREELISTS 1 FREELIST GROUPS 1 BUFFER_POOL DEFAULT FLASH_CACHE DEFAULT CELL_FLASH_CACHE DEFAULT))
--------------------------------------------------------
--  DDL for Table CHAT_ROOMS
--------------------------------------------------------

  CREATE TABLE "PRJDB"."CHAT_ROOMS" 
   (	"ID" NUMBER, 
	"NAME" VARCHAR2(255) NOT NULL ENABLE, 
	"CREATOR" VARCHAR2(255) NOT NULL ENABLE, 
	"CREATED_AT" DATE DEFAULT SYSDATE, 
	 PRIMARY KEY ("ID")
  USING INDEX PCTFREE 10 INITRANS 2 MAXTRANS 255 COMPUTE STATISTICS 
  STORAGE(INITIAL 65536 NEXT 1048576 MINEXTENTS 1 MAXEXTENTS 2147483645
  PCTINCREASE 0 FREELISTS 1 FREELIST GROUPS 1 BUFFER_POOL DEFAULT FLASH_CACHE DEFAULT CELL_FLASH_CACHE DEFAULT)
  TABLESPACE "SYSTEM"  ENABLE
   ) SEGMENT CREATION IMMEDIATE 
  PCTFREE 10 PCTUSED 40 INITRANS 1 MAXTRANS 255 NOCOMPRESS LOGGING
  STORAGE(INITIAL 65536 NEXT 1048576 MINEXTENTS 1 MAXEXTENTS 2147483645
  PCTINCREASE 0 FREELISTS 1 FREELIST GROUPS 1 BUFFER_POOL DEFAULT FLASH_CACHE DEFAULT CELL_FLASH_CACHE DEFAULT)
  TABLESPACE "SYSTEM"
--------------------------------------------------------
--  DDL for Table CONTRACTS
--------------------------------------------------------

  CREATE TABLE "PRJDB"."CONTRACTS" 
   (	"CONTRACT_ID" NUMBER NOT NULL ENABLE, 
	"REQUEST_ID" NUMBER, 
	"DESIGNER_ID" VARCHAR2(50), 
	"DUE_DATE" DATE, 
	"REQUEST_FEE" NUMBER, 
	"STATUS" VARCHAR2(20), 
	"CLIENT_ID" VARCHAR2(50), 
	"CONTRACT_TITLE" VARCHAR2(80), 
	"STARRED_STATUS" NUMBER(1,0), 
	 PRIMARY KEY ("CONTRACT_ID")
  USING INDEX PCTFREE 10 INITRANS 2 MAXTRANS 255 COMPUTE STATISTICS 
  STORAGE(INITIAL 65536 NEXT 1048576 MINEXTENTS 1 MAXEXTENTS 2147483645
  PCTINCREASE 0 FREELISTS 1 FREELIST GROUPS 1 BUFFER_POOL DEFAULT FLASH_CACHE DEFAULT CELL_FLASH_CACHE DEFAULT)
  TABLESPACE "SYSTEM"  ENABLE
   ) SEGMENT CREATION IMMEDIATE 
  PCTFREE 10 PCTUSED 40 INITRANS 1 MAXTRANS 255 NOCOMPRESS LOGGING
  STORAGE(INITIAL 65536 NEXT 1048576 MINEXTENTS 1 MAXEXTENTS 2147483645
  PCTINCREASE 0 FREELISTS 1 FREELIST GROUPS 1 BUFFER_POOL DEFAULT FLASH_CACHE DEFAULT CELL_FLASH_CACHE DEFAULT)
  TABLESPACE "SYSTEM"
--------------------------------------------------------
--  DDL for Table FILES
--------------------------------------------------------

  CREATE TABLE "PRJDB"."FILES" 
   (	"ID" NUMBER, 
	"FILE_NAME" VARCHAR2(255) NOT NULL ENABLE, 
	"FILE_PATH" VARCHAR2(500) NOT NULL ENABLE, 
	"UPLOADED_AT" TIMESTAMP (6) DEFAULT CURRENT_TIMESTAMP -- 업로드 시간 (기본값 현재 시간)
, 
	"USER_ID" VARCHAR2(3000), 
	 PRIMARY KEY ("ID")
  USING INDEX PCTFREE 10 INITRANS 2 MAXTRANS 255 COMPUTE STATISTICS 
  STORAGE(INITIAL 65536 NEXT 1048576 MINEXTENTS 1 MAXEXTENTS 2147483645
  PCTINCREASE 0 FREELISTS 1 FREELIST GROUPS 1 BUFFER_POOL DEFAULT FLASH_CACHE DEFAULT CELL_FLASH_CACHE DEFAULT)
  TABLESPACE "SYSTEM"  ENABLE
   ) SEGMENT CREATION IMMEDIATE 
  PCTFREE 10 PCTUSED 40 INITRANS 1 MAXTRANS 255 NOCOMPRESS LOGGING
  STORAGE(INITIAL 65536 NEXT 1048576 MINEXTENTS 1 MAXEXTENTS 2147483645
  PCTINCREASE 0 FREELISTS 1 FREELIST GROUPS 1 BUFFER_POOL DEFAULT FLASH_CACHE DEFAULT CELL_FLASH_CACHE DEFAULT)
  TABLESPACE "SYSTEM"
--------------------------------------------------------
--  DDL for Table POSTS
--------------------------------------------------------

  CREATE TABLE "PRJDB"."POSTS" 
   (	"POSTNUM" NUMBER(*,0), 
	"ID" VARCHAR2(3000), 
	"CONTENTS" VARCHAR2(3000), 
	 PRIMARY KEY ("POSTNUM")
  USING INDEX PCTFREE 10 INITRANS 2 MAXTRANS 255 COMPUTE STATISTICS 
  STORAGE(INITIAL 65536 NEXT 1048576 MINEXTENTS 1 MAXEXTENTS 2147483645
  PCTINCREASE 0 FREELISTS 1 FREELIST GROUPS 1 BUFFER_POOL DEFAULT FLASH_CACHE DEFAULT CELL_FLASH_CACHE DEFAULT)
  TABLESPACE "SYSTEM"  ENABLE
   ) SEGMENT CREATION IMMEDIATE 
  PCTFREE 10 PCTUSED 40 INITRANS 1 MAXTRANS 255 NOCOMPRESS LOGGING
  STORAGE(INITIAL 65536 NEXT 1048576 MINEXTENTS 1 MAXEXTENTS 2147483645
  PCTINCREASE 0 FREELISTS 1 FREELIST GROUPS 1 BUFFER_POOL DEFAULT FLASH_CACHE DEFAULT CELL_FLASH_CACHE DEFAULT)
  TABLESPACE "SYSTEM"
--------------------------------------------------------
--  DDL for Table TMPDESIGN
--------------------------------------------------------

  CREATE TABLE "PRJDB"."TMPDESIGN" 
   (	"DESIGNNAME" VARCHAR2(200), 
	"CLOTHESTYPE" VARCHAR2(200), 
	"FABRIC" VARCHAR2(200), 
	"CLOTHES_SIZE" VARCHAR2(200), 
	 PRIMARY KEY ("DESIGNNAME")
  USING INDEX PCTFREE 10 INITRANS 2 MAXTRANS 255 COMPUTE STATISTICS 
  STORAGE(INITIAL 65536 NEXT 1048576 MINEXTENTS 1 MAXEXTENTS 2147483645
  PCTINCREASE 0 FREELISTS 1 FREELIST GROUPS 1 BUFFER_POOL DEFAULT FLASH_CACHE DEFAULT CELL_FLASH_CACHE DEFAULT)
  TABLESPACE "SYSTEM"  ENABLE
   ) SEGMENT CREATION IMMEDIATE 
  PCTFREE 10 PCTUSED 40 INITRANS 1 MAXTRANS 255 NOCOMPRESS LOGGING
  STORAGE(INITIAL 65536 NEXT 1048576 MINEXTENTS 1 MAXEXTENTS 2147483645
  PCTINCREASE 0 FREELISTS 1 FREELIST GROUPS 1 BUFFER_POOL DEFAULT FLASH_CACHE DEFAULT CELL_FLASH_CACHE DEFAULT)
  TABLESPACE "SYSTEM"
--------------------------------------------------------
--  DDL for Table USER_DESIGN
--------------------------------------------------------

  CREATE TABLE "PRJDB"."USER_DESIGN" 
   (	"DESIGN_ID" NUMBER NOT NULL ENABLE, 
	"ID" VARCHAR2(50) NOT NULL ENABLE, 
	"CLOTHING_TYPE" VARCHAR2(100) NOT NULL ENABLE, 
	"FABRIC" VARCHAR2(100) NOT NULL ENABLE, 
	"SIZEE" VARCHAR2(50) NOT NULL ENABLE, 
	"DESIGN_NAME" VARCHAR2(100) NOT NULL ENABLE, 
	"CREATED_AT" DATE, 
	"COLORS" CLOB, 
	"CATEGORY" VARCHAR2(50), 
	 PRIMARY KEY ("DESIGN_ID")
  USING INDEX PCTFREE 10 INITRANS 2 MAXTRANS 255 
  STORAGE(INITIAL 65536 NEXT 1048576 MINEXTENTS 1 MAXEXTENTS 2147483645
  PCTINCREASE 0 FREELISTS 1 FREELIST GROUPS 1 BUFFER_POOL DEFAULT FLASH_CACHE DEFAULT CELL_FLASH_CACHE DEFAULT)
  TABLESPACE "SYSTEM"  ENABLE
   ) SEGMENT CREATION IMMEDIATE 
  PCTFREE 10 PCTUSED 40 INITRANS 1 MAXTRANS 255 NOCOMPRESS LOGGING
  STORAGE(INITIAL 65536 NEXT 1048576 MINEXTENTS 1 MAXEXTENTS 2147483645
  PCTINCREASE 0 FREELISTS 1 FREELIST GROUPS 1 BUFFER_POOL DEFAULT FLASH_CACHE DEFAULT CELL_FLASH_CACHE DEFAULT)
  TABLESPACE "SYSTEM" 
 LOB ("COLORS") STORE AS BASICFILE (
  TABLESPACE "SYSTEM" ENABLE STORAGE IN ROW CHUNK 8192 RETENTION 
  NOCACHE LOGGING 
  STORAGE(INITIAL 65536 NEXT 1048576 MINEXTENTS 1 MAXEXTENTS 2147483645
  PCTINCREASE 0 FREELISTS 1 FREELIST GROUPS 1 BUFFER_POOL DEFAULT FLASH_CACHE DEFAULT CELL_FLASH_CACHE DEFAULT))
--------------------------------------------------------
--  DDL for Table USER_INFO
--------------------------------------------------------

  CREATE TABLE "PRJDB"."USER_INFO" 
   (	"ID" VARCHAR2(200), 
	"PASSWD" VARCHAR2(200), 
	"EMAIL" VARCHAR2(200), 
	"NAME" VARCHAR2(200), 
	"TEL" VARCHAR2(200), 
	"BIRTHDATE" VARCHAR2(200), 
	"GENDER" VARCHAR2(50), 
	"USERTYPE" VARCHAR2(1000), 
	 PRIMARY KEY ("ID")
  USING INDEX PCTFREE 10 INITRANS 2 MAXTRANS 255 COMPUTE STATISTICS 
  STORAGE(INITIAL 65536 NEXT 1048576 MINEXTENTS 1 MAXEXTENTS 2147483645
  PCTINCREASE 0 FREELISTS 1 FREELIST GROUPS 1 BUFFER_POOL DEFAULT FLASH_CACHE DEFAULT CELL_FLASH_CACHE DEFAULT)
  TABLESPACE "SYSTEM"  ENABLE
   ) SEGMENT CREATION IMMEDIATE 
  PCTFREE 10 PCTUSED 40 INITRANS 1 MAXTRANS 255 NOCOMPRESS LOGGING
  STORAGE(INITIAL 65536 NEXT 1048576 MINEXTENTS 1 MAXEXTENTS 2147483645
  PCTINCREASE 0 FREELISTS 1 FREELIST GROUPS 1 BUFFER_POOL DEFAULT FLASH_CACHE DEFAULT CELL_FLASH_CACHE DEFAULT)
  TABLESPACE "SYSTEM"
REM INSERTING into PRJDB.CHAT_MESSAGES
SET DEFINE OFF;
Insert into PRJDB.CHAT_MESSAGES (ID,ROOMID,SENDER,TYPE,TIMESTAMP,FILENAME) values (542,19,'test33','JOIN',to_date('25/04/29','RR/MM/DD'),null);
Insert into PRJDB.CHAT_MESSAGES (ID,ROOMID,SENDER,TYPE,TIMESTAMP,FILENAME) values (544,19,'test33','JOIN',to_date('25/04/29','RR/MM/DD'),null);
Insert into PRJDB.CHAT_MESSAGES (ID,ROOMID,SENDER,TYPE,TIMESTAMP,FILENAME) values (546,19,'test33','JOIN',to_date('25/04/29','RR/MM/DD'),null);
Insert into PRJDB.CHAT_MESSAGES (ID,ROOMID,SENDER,TYPE,TIMESTAMP,FILENAME) values (548,19,'test33','JOIN',to_date('25/04/29','RR/MM/DD'),null);
Insert into PRJDB.CHAT_MESSAGES (ID,ROOMID,SENDER,TYPE,TIMESTAMP,FILENAME) values (550,19,'test33','JOIN',to_date('25/04/29','RR/MM/DD'),null);
Insert into PRJDB.CHAT_MESSAGES (ID,ROOMID,SENDER,TYPE,TIMESTAMP,FILENAME) values (552,19,'test33','CHAT',to_date('25/04/29','RR/MM/DD'),null);
Insert into PRJDB.CHAT_MESSAGES (ID,ROOMID,SENDER,TYPE,TIMESTAMP,FILENAME) values (554,19,'test33','JOIN',to_date('25/04/29','RR/MM/DD'),null);
Insert into PRJDB.CHAT_MESSAGES (ID,ROOMID,SENDER,TYPE,TIMESTAMP,FILENAME) values (556,19,'test33','JOIN',to_date('25/04/29','RR/MM/DD'),null);
Insert into PRJDB.CHAT_MESSAGES (ID,ROOMID,SENDER,TYPE,TIMESTAMP,FILENAME) values (558,19,'test33','IMAGE',to_date('25/04/29','RR/MM/DD'),'8cfd6484-9a86-4fbe-9bfd-ec22c534a2e5_jean.jpg');
Insert into PRJDB.CHAT_MESSAGES (ID,ROOMID,SENDER,TYPE,TIMESTAMP,FILENAME) values (560,19,'test33','JOIN',to_date('25/04/29','RR/MM/DD'),null);
Insert into PRJDB.CHAT_MESSAGES (ID,ROOMID,SENDER,TYPE,TIMESTAMP,FILENAME) values (562,19,'test33','JOIN',to_date('25/04/29','RR/MM/DD'),null);
Insert into PRJDB.CHAT_MESSAGES (ID,ROOMID,SENDER,TYPE,TIMESTAMP,FILENAME) values (564,19,'test33','JOIN',to_date('25/04/29','RR/MM/DD'),null);
Insert into PRJDB.CHAT_MESSAGES (ID,ROOMID,SENDER,TYPE,TIMESTAMP,FILENAME) values (566,19,'test33','JOIN',to_date('25/04/29','RR/MM/DD'),null);
Insert into PRJDB.CHAT_MESSAGES (ID,ROOMID,SENDER,TYPE,TIMESTAMP,FILENAME) values (568,19,'test33','JOIN',to_date('25/04/29','RR/MM/DD'),null);
Insert into PRJDB.CHAT_MESSAGES (ID,ROOMID,SENDER,TYPE,TIMESTAMP,FILENAME) values (570,19,'test33','JOIN',to_date('25/04/29','RR/MM/DD'),null);
Insert into PRJDB.CHAT_MESSAGES (ID,ROOMID,SENDER,TYPE,TIMESTAMP,FILENAME) values (572,19,'test33','JOIN',to_date('25/04/29','RR/MM/DD'),null);
Insert into PRJDB.CHAT_MESSAGES (ID,ROOMID,SENDER,TYPE,TIMESTAMP,FILENAME) values (574,19,'test33','JOIN',to_date('25/04/29','RR/MM/DD'),null);
Insert into PRJDB.CHAT_MESSAGES (ID,ROOMID,SENDER,TYPE,TIMESTAMP,FILENAME) values (576,19,'test33','CHAT',to_date('25/04/29','RR/MM/DD'),null);
Insert into PRJDB.CHAT_MESSAGES (ID,ROOMID,SENDER,TYPE,TIMESTAMP,FILENAME) values (578,19,'test33','JOIN',to_date('25/04/29','RR/MM/DD'),null);
Insert into PRJDB.CHAT_MESSAGES (ID,ROOMID,SENDER,TYPE,TIMESTAMP,FILENAME) values (580,19,'test33','JOIN',to_date('25/04/29','RR/MM/DD'),null);
Insert into PRJDB.CHAT_MESSAGES (ID,ROOMID,SENDER,TYPE,TIMESTAMP,FILENAME) values (582,19,'test33','JOIN',to_date('25/04/29','RR/MM/DD'),null);
Insert into PRJDB.CHAT_MESSAGES (ID,ROOMID,SENDER,TYPE,TIMESTAMP,FILENAME) values (584,19,'test33','JOIN',to_date('25/04/29','RR/MM/DD'),null);
Insert into PRJDB.CHAT_MESSAGES (ID,ROOMID,SENDER,TYPE,TIMESTAMP,FILENAME) values (586,19,'test33','JOIN',to_date('25/04/29','RR/MM/DD'),null);
Insert into PRJDB.CHAT_MESSAGES (ID,ROOMID,SENDER,TYPE,TIMESTAMP,FILENAME) values (588,19,'test33','JOIN',to_date('25/04/29','RR/MM/DD'),null);
Insert into PRJDB.CHAT_MESSAGES (ID,ROOMID,SENDER,TYPE,TIMESTAMP,FILENAME) values (590,19,'test33','JOIN',to_date('25/04/29','RR/MM/DD'),null);
Insert into PRJDB.CHAT_MESSAGES (ID,ROOMID,SENDER,TYPE,TIMESTAMP,FILENAME) values (592,19,'test33','JOIN',to_date('25/04/29','RR/MM/DD'),null);
Insert into PRJDB.CHAT_MESSAGES (ID,ROOMID,SENDER,TYPE,TIMESTAMP,FILENAME) values (594,19,'test33','CHAT',to_date('25/04/29','RR/MM/DD'),null);
Insert into PRJDB.CHAT_MESSAGES (ID,ROOMID,SENDER,TYPE,TIMESTAMP,FILENAME) values (596,19,'test33','JOIN',to_date('25/04/29','RR/MM/DD'),null);
Insert into PRJDB.CHAT_MESSAGES (ID,ROOMID,SENDER,TYPE,TIMESTAMP,FILENAME) values (598,19,'test33','JOIN',to_date('25/04/29','RR/MM/DD'),null);
Insert into PRJDB.CHAT_MESSAGES (ID,ROOMID,SENDER,TYPE,TIMESTAMP,FILENAME) values (600,19,'test33','JOIN',to_date('25/04/29','RR/MM/DD'),null);
Insert into PRJDB.CHAT_MESSAGES (ID,ROOMID,SENDER,TYPE,TIMESTAMP,FILENAME) values (602,19,'test33','JOIN',to_date('25/04/29','RR/MM/DD'),null);
Insert into PRJDB.CHAT_MESSAGES (ID,ROOMID,SENDER,TYPE,TIMESTAMP,FILENAME) values (604,19,'test33','JOIN',to_date('25/04/29','RR/MM/DD'),null);
Insert into PRJDB.CHAT_MESSAGES (ID,ROOMID,SENDER,TYPE,TIMESTAMP,FILENAME) values (606,19,'test33','JOIN',to_date('25/04/29','RR/MM/DD'),null);
Insert into PRJDB.CHAT_MESSAGES (ID,ROOMID,SENDER,TYPE,TIMESTAMP,FILENAME) values (608,19,'test33','JOIN',to_date('25/04/29','RR/MM/DD'),null);
Insert into PRJDB.CHAT_MESSAGES (ID,ROOMID,SENDER,TYPE,TIMESTAMP,FILENAME) values (610,19,'test33','JOIN',to_date('25/04/29','RR/MM/DD'),null);
Insert into PRJDB.CHAT_MESSAGES (ID,ROOMID,SENDER,TYPE,TIMESTAMP,FILENAME) values (612,19,'test33','JOIN',to_date('25/04/29','RR/MM/DD'),null);
Insert into PRJDB.CHAT_MESSAGES (ID,ROOMID,SENDER,TYPE,TIMESTAMP,FILENAME) values (614,19,'test33','JOIN',to_date('25/04/29','RR/MM/DD'),null);
Insert into PRJDB.CHAT_MESSAGES (ID,ROOMID,SENDER,TYPE,TIMESTAMP,FILENAME) values (616,19,'test33','JOIN',to_date('25/04/29','RR/MM/DD'),null);
Insert into PRJDB.CHAT_MESSAGES (ID,ROOMID,SENDER,TYPE,TIMESTAMP,FILENAME) values (618,19,'test33','JOIN',to_date('25/04/29','RR/MM/DD'),null);
Insert into PRJDB.CHAT_MESSAGES (ID,ROOMID,SENDER,TYPE,TIMESTAMP,FILENAME) values (620,19,'test33','JOIN',to_date('25/04/29','RR/MM/DD'),null);
Insert into PRJDB.CHAT_MESSAGES (ID,ROOMID,SENDER,TYPE,TIMESTAMP,FILENAME) values (622,19,'test33','JOIN',to_date('25/04/29','RR/MM/DD'),null);
Insert into PRJDB.CHAT_MESSAGES (ID,ROOMID,SENDER,TYPE,TIMESTAMP,FILENAME) values (625,19,'test33','JOIN',to_date('25/04/29','RR/MM/DD'),null);
Insert into PRJDB.CHAT_MESSAGES (ID,ROOMID,SENDER,TYPE,TIMESTAMP,FILENAME) values (626,19,'test33','JOIN',to_date('25/04/29','RR/MM/DD'),null);
Insert into PRJDB.CHAT_MESSAGES (ID,ROOMID,SENDER,TYPE,TIMESTAMP,FILENAME) values (628,19,'test33','CHAT',to_date('25/04/29','RR/MM/DD'),null);
Insert into PRJDB.CHAT_MESSAGES (ID,ROOMID,SENDER,TYPE,TIMESTAMP,FILENAME) values (630,19,'test33','IMAGE',to_date('25/04/29','RR/MM/DD'),'ea8b3634-cd96-4cb7-97d1-a5f3a8bc09ba_jean.jpg');
Insert into PRJDB.CHAT_MESSAGES (ID,ROOMID,SENDER,TYPE,TIMESTAMP,FILENAME) values (632,18,'test33','JOIN',to_date('25/04/29','RR/MM/DD'),null);
Insert into PRJDB.CHAT_MESSAGES (ID,ROOMID,SENDER,TYPE,TIMESTAMP,FILENAME) values (634,18,'test33','JOIN',to_date('25/04/29','RR/MM/DD'),null);
Insert into PRJDB.CHAT_MESSAGES (ID,ROOMID,SENDER,TYPE,TIMESTAMP,FILENAME) values (636,18,'test33','CHAT',to_date('25/04/29','RR/MM/DD'),null);
Insert into PRJDB.CHAT_MESSAGES (ID,ROOMID,SENDER,TYPE,TIMESTAMP,FILENAME) values (638,19,'test33','JOIN',to_date('25/04/29','RR/MM/DD'),null);
Insert into PRJDB.CHAT_MESSAGES (ID,ROOMID,SENDER,TYPE,TIMESTAMP,FILENAME) values (640,19,'test33','JOIN',to_date('25/04/29','RR/MM/DD'),null);
Insert into PRJDB.CHAT_MESSAGES (ID,ROOMID,SENDER,TYPE,TIMESTAMP,FILENAME) values (642,19,'test33','JOIN',to_date('25/04/29','RR/MM/DD'),null);
Insert into PRJDB.CHAT_MESSAGES (ID,ROOMID,SENDER,TYPE,TIMESTAMP,FILENAME) values (644,19,'test33','JOIN',to_date('25/04/29','RR/MM/DD'),null);
Insert into PRJDB.CHAT_MESSAGES (ID,ROOMID,SENDER,TYPE,TIMESTAMP,FILENAME) values (646,17,'test33','JOIN',to_date('25/04/29','RR/MM/DD'),null);
Insert into PRJDB.CHAT_MESSAGES (ID,ROOMID,SENDER,TYPE,TIMESTAMP,FILENAME) values (648,17,'test33','JOIN',to_date('25/04/29','RR/MM/DD'),null);
Insert into PRJDB.CHAT_MESSAGES (ID,ROOMID,SENDER,TYPE,TIMESTAMP,FILENAME) values (650,17,'test33','CHAT',to_date('25/04/29','RR/MM/DD'),null);
Insert into PRJDB.CHAT_MESSAGES (ID,ROOMID,SENDER,TYPE,TIMESTAMP,FILENAME) values (652,19,'test33','JOIN',to_date('25/04/29','RR/MM/DD'),null);
Insert into PRJDB.CHAT_MESSAGES (ID,ROOMID,SENDER,TYPE,TIMESTAMP,FILENAME) values (654,19,'test33','JOIN',to_date('25/04/29','RR/MM/DD'),null);
Insert into PRJDB.CHAT_MESSAGES (ID,ROOMID,SENDER,TYPE,TIMESTAMP,FILENAME) values (656,19,'test33','JOIN',to_date('25/04/29','RR/MM/DD'),null);
Insert into PRJDB.CHAT_MESSAGES (ID,ROOMID,SENDER,TYPE,TIMESTAMP,FILENAME) values (658,19,'test33','JOIN',to_date('25/04/29','RR/MM/DD'),null);
Insert into PRJDB.CHAT_MESSAGES (ID,ROOMID,SENDER,TYPE,TIMESTAMP,FILENAME) values (660,19,'test33','JOIN',to_date('25/04/29','RR/MM/DD'),null);
Insert into PRJDB.CHAT_MESSAGES (ID,ROOMID,SENDER,TYPE,TIMESTAMP,FILENAME) values (662,19,'test33','CHAT',to_date('25/04/29','RR/MM/DD'),null);
Insert into PRJDB.CHAT_MESSAGES (ID,ROOMID,SENDER,TYPE,TIMESTAMP,FILENAME) values (664,19,'test33','CHAT',to_date('25/04/29','RR/MM/DD'),null);
Insert into PRJDB.CHAT_MESSAGES (ID,ROOMID,SENDER,TYPE,TIMESTAMP,FILENAME) values (666,19,'test33','CHAT',to_date('25/04/29','RR/MM/DD'),null);
Insert into PRJDB.CHAT_MESSAGES (ID,ROOMID,SENDER,TYPE,TIMESTAMP,FILENAME) values (668,19,'test33','JOIN',to_date('25/04/29','RR/MM/DD'),null);
Insert into PRJDB.CHAT_MESSAGES (ID,ROOMID,SENDER,TYPE,TIMESTAMP,FILENAME) values (670,19,'test33','JOIN',to_date('25/04/29','RR/MM/DD'),null);
Insert into PRJDB.CHAT_MESSAGES (ID,ROOMID,SENDER,TYPE,TIMESTAMP,FILENAME) values (672,19,'test33','JOIN',to_date('25/04/29','RR/MM/DD'),null);
Insert into PRJDB.CHAT_MESSAGES (ID,ROOMID,SENDER,TYPE,TIMESTAMP,FILENAME) values (674,19,'test33','JOIN',to_date('25/04/29','RR/MM/DD'),null);
Insert into PRJDB.CHAT_MESSAGES (ID,ROOMID,SENDER,TYPE,TIMESTAMP,FILENAME) values (676,19,'test33','CHAT',to_date('25/04/29','RR/MM/DD'),null);
Insert into PRJDB.CHAT_MESSAGES (ID,ROOMID,SENDER,TYPE,TIMESTAMP,FILENAME) values (678,19,'test33','JOIN',to_date('25/04/29','RR/MM/DD'),null);
Insert into PRJDB.CHAT_MESSAGES (ID,ROOMID,SENDER,TYPE,TIMESTAMP,FILENAME) values (680,19,'test33','JOIN',to_date('25/04/29','RR/MM/DD'),null);
Insert into PRJDB.CHAT_MESSAGES (ID,ROOMID,SENDER,TYPE,TIMESTAMP,FILENAME) values (682,19,'test33','CHAT',to_date('25/04/29','RR/MM/DD'),null);
Insert into PRJDB.CHAT_MESSAGES (ID,ROOMID,SENDER,TYPE,TIMESTAMP,FILENAME) values (684,19,'test33','IMAGE',to_date('25/04/29','RR/MM/DD'),'77b64c69-72b8-4e00-b16e-193864d33704_flower.jpg');
Insert into PRJDB.CHAT_MESSAGES (ID,ROOMID,SENDER,TYPE,TIMESTAMP,FILENAME) values (686,19,'test33','IMAGE',to_date('25/04/29','RR/MM/DD'),'9e91f52a-7b63-4a70-937d-6e4ebdb13862_jean.jpg');
Insert into PRJDB.CHAT_MESSAGES (ID,ROOMID,SENDER,TYPE,TIMESTAMP,FILENAME) values (420,17,'testdesign','JOIN',to_date('25/04/12','RR/MM/DD'),null);
Insert into PRJDB.CHAT_MESSAGES (ID,ROOMID,SENDER,TYPE,TIMESTAMP,FILENAME) values (422,17,'testclient','JOIN',to_date('25/04/12','RR/MM/DD'),null);
Insert into PRJDB.CHAT_MESSAGES (ID,ROOMID,SENDER,TYPE,TIMESTAMP,FILENAME) values (424,17,'testclient','JOIN',to_date('25/04/12','RR/MM/DD'),null);
Insert into PRJDB.CHAT_MESSAGES (ID,ROOMID,SENDER,TYPE,TIMESTAMP,FILENAME) values (426,17,'testdesign','LEAVE',to_date('25/04/12','RR/MM/DD'),null);
Insert into PRJDB.CHAT_MESSAGES (ID,ROOMID,SENDER,TYPE,TIMESTAMP,FILENAME) values (428,17,'testdesign','JOIN',to_date('25/04/12','RR/MM/DD'),null);
Insert into PRJDB.CHAT_MESSAGES (ID,ROOMID,SENDER,TYPE,TIMESTAMP,FILENAME) values (430,17,'testdesign','JOIN',to_date('25/04/12','RR/MM/DD'),null);
Insert into PRJDB.CHAT_MESSAGES (ID,ROOMID,SENDER,TYPE,TIMESTAMP,FILENAME) values (432,17,'testdesign','CHAT',to_date('25/04/12','RR/MM/DD'),null);
Insert into PRJDB.CHAT_MESSAGES (ID,ROOMID,SENDER,TYPE,TIMESTAMP,FILENAME) values (434,17,'testdesign','LEAVE',to_date('25/04/12','RR/MM/DD'),null);
Insert into PRJDB.CHAT_MESSAGES (ID,ROOMID,SENDER,TYPE,TIMESTAMP,FILENAME) values (436,17,'testdesign','JOIN',to_date('25/04/12','RR/MM/DD'),null);
Insert into PRJDB.CHAT_MESSAGES (ID,ROOMID,SENDER,TYPE,TIMESTAMP,FILENAME) values (438,17,'testdesign','FILE',to_date('25/04/12','RR/MM/DD'),'5be551e6-b3fd-4305-bdb6-c09ac99b8124_객체지향소프트웨어공학기법을이용한리듬게임의개발.pdf');
Insert into PRJDB.CHAT_MESSAGES (ID,ROOMID,SENDER,TYPE,TIMESTAMP,FILENAME) values (440,17,'testdesign','LEAVE',to_date('25/04/12','RR/MM/DD'),null);
Insert into PRJDB.CHAT_MESSAGES (ID,ROOMID,SENDER,TYPE,TIMESTAMP,FILENAME) values (442,17,'testdesign','JOIN',to_date('25/04/12','RR/MM/DD'),null);
Insert into PRJDB.CHAT_MESSAGES (ID,ROOMID,SENDER,TYPE,TIMESTAMP,FILENAME) values (444,17,'testclient','LEAVE',to_date('25/04/12','RR/MM/DD'),null);
Insert into PRJDB.CHAT_MESSAGES (ID,ROOMID,SENDER,TYPE,TIMESTAMP,FILENAME) values (446,17,'testclient','JOIN',to_date('25/04/12','RR/MM/DD'),null);
Insert into PRJDB.CHAT_MESSAGES (ID,ROOMID,SENDER,TYPE,TIMESTAMP,FILENAME) values (448,17,'testclient','JOIN',to_date('25/04/12','RR/MM/DD'),null);
Insert into PRJDB.CHAT_MESSAGES (ID,ROOMID,SENDER,TYPE,TIMESTAMP,FILENAME) values (450,17,'testclient','JOIN',to_date('25/04/12','RR/MM/DD'),null);
Insert into PRJDB.CHAT_MESSAGES (ID,ROOMID,SENDER,TYPE,TIMESTAMP,FILENAME) values (452,17,'testclient','LEAVE',to_date('25/04/12','RR/MM/DD'),null);
Insert into PRJDB.CHAT_MESSAGES (ID,ROOMID,SENDER,TYPE,TIMESTAMP,FILENAME) values (454,17,'testclient','JOIN',to_date('25/04/12','RR/MM/DD'),null);
Insert into PRJDB.CHAT_MESSAGES (ID,ROOMID,SENDER,TYPE,TIMESTAMP,FILENAME) values (416,17,'testdesign','JOIN',to_date('25/04/12','RR/MM/DD'),null);
Insert into PRJDB.CHAT_MESSAGES (ID,ROOMID,SENDER,TYPE,TIMESTAMP,FILENAME) values (418,17,'testdesign','FILE',to_date('25/04/12','RR/MM/DD'),'f8fc17a9-c59b-4850-8474-81b6400d9d75_객체지향소프트웨어공학기법을이용한리듬게임의개발.pdf');
Insert into PRJDB.CHAT_MESSAGES (ID,ROOMID,SENDER,TYPE,TIMESTAMP,FILENAME) values (456,17,'testclient','JOIN',to_date('25/04/12','RR/MM/DD'),null);
Insert into PRJDB.CHAT_MESSAGES (ID,ROOMID,SENDER,TYPE,TIMESTAMP,FILENAME) values (458,17,'testclient','JOIN',to_date('25/04/12','RR/MM/DD'),null);
Insert into PRJDB.CHAT_MESSAGES (ID,ROOMID,SENDER,TYPE,TIMESTAMP,FILENAME) values (460,17,'testclient','JOIN',to_date('25/04/12','RR/MM/DD'),null);
Insert into PRJDB.CHAT_MESSAGES (ID,ROOMID,SENDER,TYPE,TIMESTAMP,FILENAME) values (462,17,'testclient','JOIN',to_date('25/04/12','RR/MM/DD'),null);
Insert into PRJDB.CHAT_MESSAGES (ID,ROOMID,SENDER,TYPE,TIMESTAMP,FILENAME) values (464,17,'testclient','JOIN',to_date('25/04/12','RR/MM/DD'),null);
Insert into PRJDB.CHAT_MESSAGES (ID,ROOMID,SENDER,TYPE,TIMESTAMP,FILENAME) values (466,17,'testclient','JOIN',to_date('25/04/12','RR/MM/DD'),null);
Insert into PRJDB.CHAT_MESSAGES (ID,ROOMID,SENDER,TYPE,TIMESTAMP,FILENAME) values (468,17,'testclient','IMAGE',to_date('25/04/12','RR/MM/DD'),'c599ff41-a25e-4a05-870c-2e88894d7aab_스크린샷 2023-04-13 232629.png');
Insert into PRJDB.CHAT_MESSAGES (ID,ROOMID,SENDER,TYPE,TIMESTAMP,FILENAME) values (470,17,'testclient','JOIN',to_date('25/04/12','RR/MM/DD'),null);
Insert into PRJDB.CHAT_MESSAGES (ID,ROOMID,SENDER,TYPE,TIMESTAMP,FILENAME) values (472,17,'testclient','JOIN',to_date('25/04/12','RR/MM/DD'),null);
Insert into PRJDB.CHAT_MESSAGES (ID,ROOMID,SENDER,TYPE,TIMESTAMP,FILENAME) values (474,17,'testdesign','JOIN',to_date('25/04/12','RR/MM/DD'),null);
Insert into PRJDB.CHAT_MESSAGES (ID,ROOMID,SENDER,TYPE,TIMESTAMP,FILENAME) values (476,17,'testdesign','JOIN',to_date('25/04/12','RR/MM/DD'),null);
Insert into PRJDB.CHAT_MESSAGES (ID,ROOMID,SENDER,TYPE,TIMESTAMP,FILENAME) values (478,17,'testdesign','JOIN',to_date('25/04/12','RR/MM/DD'),null);
Insert into PRJDB.CHAT_MESSAGES (ID,ROOMID,SENDER,TYPE,TIMESTAMP,FILENAME) values (480,17,'testclient','JOIN',to_date('25/04/12','RR/MM/DD'),null);
Insert into PRJDB.CHAT_MESSAGES (ID,ROOMID,SENDER,TYPE,TIMESTAMP,FILENAME) values (482,17,'testdesign','LEAVE',to_date('25/04/12','RR/MM/DD'),null);
Insert into PRJDB.CHAT_MESSAGES (ID,ROOMID,SENDER,TYPE,TIMESTAMP,FILENAME) values (484,17,'testdesign','JOIN',to_date('25/04/12','RR/MM/DD'),null);
Insert into PRJDB.CHAT_MESSAGES (ID,ROOMID,SENDER,TYPE,TIMESTAMP,FILENAME) values (486,18,'testclient','JOIN',to_date('25/04/12','RR/MM/DD'),null);
Insert into PRJDB.CHAT_MESSAGES (ID,ROOMID,SENDER,TYPE,TIMESTAMP,FILENAME) values (488,18,'testdesign','JOIN',to_date('25/04/12','RR/MM/DD'),null);
Insert into PRJDB.CHAT_MESSAGES (ID,ROOMID,SENDER,TYPE,TIMESTAMP,FILENAME) values (490,18,'testclient','CHAT',to_date('25/04/12','RR/MM/DD'),null);
Insert into PRJDB.CHAT_MESSAGES (ID,ROOMID,SENDER,TYPE,TIMESTAMP,FILENAME) values (492,18,'testclient','FILE',to_date('25/04/12','RR/MM/DD'),'baa4883f-2b79-40af-b23b-b3e0545c0443_객체지향소프트웨어공학기법을이용한리듬게임의개발.pdf');
Insert into PRJDB.CHAT_MESSAGES (ID,ROOMID,SENDER,TYPE,TIMESTAMP,FILENAME) values (494,18,'testclient','CHAT',to_date('25/04/12','RR/MM/DD'),null);
Insert into PRJDB.CHAT_MESSAGES (ID,ROOMID,SENDER,TYPE,TIMESTAMP,FILENAME) values (496,18,'testclient','IMAGE',to_date('25/04/12','RR/MM/DD'),'97ee2b0d-b462-4f5c-bb96-24c0996f8b79_flower.jpg');
Insert into PRJDB.CHAT_MESSAGES (ID,ROOMID,SENDER,TYPE,TIMESTAMP,FILENAME) values (498,18,'testdesign','LEAVE',to_date('25/04/12','RR/MM/DD'),null);
Insert into PRJDB.CHAT_MESSAGES (ID,ROOMID,SENDER,TYPE,TIMESTAMP,FILENAME) values (500,18,'testdesign','JOIN',to_date('25/04/12','RR/MM/DD'),null);
Insert into PRJDB.CHAT_MESSAGES (ID,ROOMID,SENDER,TYPE,TIMESTAMP,FILENAME) values (502,18,'testdesign','LEAVE',to_date('25/04/12','RR/MM/DD'),null);
Insert into PRJDB.CHAT_MESSAGES (ID,ROOMID,SENDER,TYPE,TIMESTAMP,FILENAME) values (504,18,'testclient','LEAVE',to_date('25/04/12','RR/MM/DD'),null);
Insert into PRJDB.CHAT_MESSAGES (ID,ROOMID,SENDER,TYPE,TIMESTAMP,FILENAME) values (506,19,'testdesign','JOIN',to_date('25/04/12','RR/MM/DD'),null);
Insert into PRJDB.CHAT_MESSAGES (ID,ROOMID,SENDER,TYPE,TIMESTAMP,FILENAME) values (508,19,'testdesign','JOIN',to_date('25/04/12','RR/MM/DD'),null);
Insert into PRJDB.CHAT_MESSAGES (ID,ROOMID,SENDER,TYPE,TIMESTAMP,FILENAME) values (510,19,'testclient','JOIN',to_date('25/04/12','RR/MM/DD'),null);
Insert into PRJDB.CHAT_MESSAGES (ID,ROOMID,SENDER,TYPE,TIMESTAMP,FILENAME) values (512,19,'testclient','LEAVE',to_date('25/04/12','RR/MM/DD'),null);
Insert into PRJDB.CHAT_MESSAGES (ID,ROOMID,SENDER,TYPE,TIMESTAMP,FILENAME) values (514,19,'testdesign','LEAVE',to_date('25/04/12','RR/MM/DD'),null);
Insert into PRJDB.CHAT_MESSAGES (ID,ROOMID,SENDER,TYPE,TIMESTAMP,FILENAME) values (516,19,'test1','JOIN',to_date('25/04/25','RR/MM/DD'),null);
Insert into PRJDB.CHAT_MESSAGES (ID,ROOMID,SENDER,TYPE,TIMESTAMP,FILENAME) values (518,18,'test1','JOIN',to_date('25/04/25','RR/MM/DD'),null);
Insert into PRJDB.CHAT_MESSAGES (ID,ROOMID,SENDER,TYPE,TIMESTAMP,FILENAME) values (520,19,'test1','JOIN',to_date('25/04/25','RR/MM/DD'),null);
Insert into PRJDB.CHAT_MESSAGES (ID,ROOMID,SENDER,TYPE,TIMESTAMP,FILENAME) values (522,19,'test33','JOIN',to_date('25/04/29','RR/MM/DD'),null);
Insert into PRJDB.CHAT_MESSAGES (ID,ROOMID,SENDER,TYPE,TIMESTAMP,FILENAME) values (524,19,'test33','JOIN',to_date('25/04/29','RR/MM/DD'),null);
Insert into PRJDB.CHAT_MESSAGES (ID,ROOMID,SENDER,TYPE,TIMESTAMP,FILENAME) values (526,19,'test33','JOIN',to_date('25/04/29','RR/MM/DD'),null);
Insert into PRJDB.CHAT_MESSAGES (ID,ROOMID,SENDER,TYPE,TIMESTAMP,FILENAME) values (528,19,'test33','JOIN',to_date('25/04/29','RR/MM/DD'),null);
Insert into PRJDB.CHAT_MESSAGES (ID,ROOMID,SENDER,TYPE,TIMESTAMP,FILENAME) values (530,19,'test33','JOIN',to_date('25/04/29','RR/MM/DD'),null);
Insert into PRJDB.CHAT_MESSAGES (ID,ROOMID,SENDER,TYPE,TIMESTAMP,FILENAME) values (532,19,'test33','JOIN',to_date('25/04/29','RR/MM/DD'),null);
Insert into PRJDB.CHAT_MESSAGES (ID,ROOMID,SENDER,TYPE,TIMESTAMP,FILENAME) values (534,19,'test33','JOIN',to_date('25/04/29','RR/MM/DD'),null);
Insert into PRJDB.CHAT_MESSAGES (ID,ROOMID,SENDER,TYPE,TIMESTAMP,FILENAME) values (536,19,'test33','LEAVE',to_date('25/04/29','RR/MM/DD'),null);
Insert into PRJDB.CHAT_MESSAGES (ID,ROOMID,SENDER,TYPE,TIMESTAMP,FILENAME) values (538,18,'test33','JOIN',to_date('25/04/29','RR/MM/DD'),null);
Insert into PRJDB.CHAT_MESSAGES (ID,ROOMID,SENDER,TYPE,TIMESTAMP,FILENAME) values (540,18,'test33','JOIN',to_date('25/04/29','RR/MM/DD'),null);
Insert into PRJDB.CHAT_MESSAGES (ID,ROOMID,SENDER,TYPE,TIMESTAMP,FILENAME) values (688,19,'test33','CHAT',to_date('25/04/29','RR/MM/DD'),null);
Insert into PRJDB.CHAT_MESSAGES (ID,ROOMID,SENDER,TYPE,TIMESTAMP,FILENAME) values (690,19,'test1','JOIN',to_date('25/04/29','RR/MM/DD'),null);
Insert into PRJDB.CHAT_MESSAGES (ID,ROOMID,SENDER,TYPE,TIMESTAMP,FILENAME) values (692,19,'test1','JOIN',to_date('25/04/29','RR/MM/DD'),null);
Insert into PRJDB.CHAT_MESSAGES (ID,ROOMID,SENDER,TYPE,TIMESTAMP,FILENAME) values (694,19,'test1','CHAT',to_date('25/04/29','RR/MM/DD'),null);
Insert into PRJDB.CHAT_MESSAGES (ID,ROOMID,SENDER,TYPE,TIMESTAMP,FILENAME) values (696,19,'test1','CHAT',to_date('25/04/29','RR/MM/DD'),null);
Insert into PRJDB.CHAT_MESSAGES (ID,ROOMID,SENDER,TYPE,TIMESTAMP,FILENAME) values (699,17,'test33','JOIN',to_date('25/04/29','RR/MM/DD'),null);
Insert into PRJDB.CHAT_MESSAGES (ID,ROOMID,SENDER,TYPE,TIMESTAMP,FILENAME) values (700,17,'test33','JOIN',to_date('25/04/29','RR/MM/DD'),null);
Insert into PRJDB.CHAT_MESSAGES (ID,ROOMID,SENDER,TYPE,TIMESTAMP,FILENAME) values (702,19,'test33','JOIN',to_date('25/04/29','RR/MM/DD'),null);
Insert into PRJDB.CHAT_MESSAGES (ID,ROOMID,SENDER,TYPE,TIMESTAMP,FILENAME) values (704,19,'test33','JOIN',to_date('25/04/29','RR/MM/DD'),null);
Insert into PRJDB.CHAT_MESSAGES (ID,ROOMID,SENDER,TYPE,TIMESTAMP,FILENAME) values (706,18,'test33','JOIN',to_date('25/04/29','RR/MM/DD'),null);
Insert into PRJDB.CHAT_MESSAGES (ID,ROOMID,SENDER,TYPE,TIMESTAMP,FILENAME) values (708,18,'test33','JOIN',to_date('25/04/29','RR/MM/DD'),null);
Insert into PRJDB.CHAT_MESSAGES (ID,ROOMID,SENDER,TYPE,TIMESTAMP,FILENAME) values (710,17,'test33','JOIN',to_date('25/04/29','RR/MM/DD'),null);
Insert into PRJDB.CHAT_MESSAGES (ID,ROOMID,SENDER,TYPE,TIMESTAMP,FILENAME) values (712,17,'test33','JOIN',to_date('25/04/29','RR/MM/DD'),null);
Insert into PRJDB.CHAT_MESSAGES (ID,ROOMID,SENDER,TYPE,TIMESTAMP,FILENAME) values (714,17,'test33','CHAT',to_date('25/04/29','RR/MM/DD'),null);
Insert into PRJDB.CHAT_MESSAGES (ID,ROOMID,SENDER,TYPE,TIMESTAMP,FILENAME) values (716,19,'test33','JOIN',to_date('25/04/29','RR/MM/DD'),null);
Insert into PRJDB.CHAT_MESSAGES (ID,ROOMID,SENDER,TYPE,TIMESTAMP,FILENAME) values (718,19,'test33','JOIN',to_date('25/04/29','RR/MM/DD'),null);
Insert into PRJDB.CHAT_MESSAGES (ID,ROOMID,SENDER,TYPE,TIMESTAMP,FILENAME) values (720,19,'test33','CHAT',to_date('25/04/29','RR/MM/DD'),null);
Insert into PRJDB.CHAT_MESSAGES (ID,ROOMID,SENDER,TYPE,TIMESTAMP,FILENAME) values (722,19,'test33','JOIN',to_date('25/04/29','RR/MM/DD'),null);
Insert into PRJDB.CHAT_MESSAGES (ID,ROOMID,SENDER,TYPE,TIMESTAMP,FILENAME) values (724,19,'test33','JOIN',to_date('25/04/29','RR/MM/DD'),null);
Insert into PRJDB.CHAT_MESSAGES (ID,ROOMID,SENDER,TYPE,TIMESTAMP,FILENAME) values (727,19,'test33','JOIN',to_date('25/04/29','RR/MM/DD'),null);
Insert into PRJDB.CHAT_MESSAGES (ID,ROOMID,SENDER,TYPE,TIMESTAMP,FILENAME) values (728,19,'test33','JOIN',to_date('25/04/29','RR/MM/DD'),null);
Insert into PRJDB.CHAT_MESSAGES (ID,ROOMID,SENDER,TYPE,TIMESTAMP,FILENAME) values (730,19,'test1','JOIN',to_date('25/04/29','RR/MM/DD'),null);
Insert into PRJDB.CHAT_MESSAGES (ID,ROOMID,SENDER,TYPE,TIMESTAMP,FILENAME) values (732,19,'test1','JOIN',to_date('25/04/29','RR/MM/DD'),null);
Insert into PRJDB.CHAT_MESSAGES (ID,ROOMID,SENDER,TYPE,TIMESTAMP,FILENAME) values (734,18,'test1','JOIN',to_date('25/04/29','RR/MM/DD'),null);
Insert into PRJDB.CHAT_MESSAGES (ID,ROOMID,SENDER,TYPE,TIMESTAMP,FILENAME) values (736,18,'test1','JOIN',to_date('25/04/29','RR/MM/DD'),null);
Insert into PRJDB.CHAT_MESSAGES (ID,ROOMID,SENDER,TYPE,TIMESTAMP,FILENAME) values (738,19,'test33','JOIN',to_date('25/04/29','RR/MM/DD'),null);
Insert into PRJDB.CHAT_MESSAGES (ID,ROOMID,SENDER,TYPE,TIMESTAMP,FILENAME) values (740,19,'test33','JOIN',to_date('25/04/29','RR/MM/DD'),null);
Insert into PRJDB.CHAT_MESSAGES (ID,ROOMID,SENDER,TYPE,TIMESTAMP,FILENAME) values (742,19,'test33','CHAT',to_date('25/04/29','RR/MM/DD'),null);
Insert into PRJDB.CHAT_MESSAGES (ID,ROOMID,SENDER,TYPE,TIMESTAMP,FILENAME) values (744,19,'test33','IMAGE',to_date('25/04/29','RR/MM/DD'),'ac68cb23-6612-4cf6-adc7-77f2f5ef17e2_flower.jpg');
Insert into PRJDB.CHAT_MESSAGES (ID,ROOMID,SENDER,TYPE,TIMESTAMP,FILENAME) values (746,19,'test1','JOIN',to_date('25/04/29','RR/MM/DD'),null);
Insert into PRJDB.CHAT_MESSAGES (ID,ROOMID,SENDER,TYPE,TIMESTAMP,FILENAME) values (748,19,'test1','JOIN',to_date('25/04/29','RR/MM/DD'),null);
Insert into PRJDB.CHAT_MESSAGES (ID,ROOMID,SENDER,TYPE,TIMESTAMP,FILENAME) values (750,19,'test1','CHAT',to_date('25/04/29','RR/MM/DD'),null);
Insert into PRJDB.CHAT_MESSAGES (ID,ROOMID,SENDER,TYPE,TIMESTAMP,FILENAME) values (752,19,'test1','JOIN',to_date('25/05/02','RR/MM/DD'),null);
Insert into PRJDB.CHAT_MESSAGES (ID,ROOMID,SENDER,TYPE,TIMESTAMP,FILENAME) values (754,19,'test1','JOIN',to_date('25/05/02','RR/MM/DD'),null);
REM INSERTING into PRJDB.CHAT_ROOMS
SET DEFINE OFF;
Insert into PRJDB.CHAT_ROOMS (ID,NAME,CREATOR,CREATED_AT) values (17,'ㅁㅇㄴㄹ','testdesign',to_date('25/04/12','RR/MM/DD'));
Insert into PRJDB.CHAT_ROOMS (ID,NAME,CREATOR,CREATED_AT) values (18,'첫번쨰채팅방','testclient',to_date('25/04/12','RR/MM/DD'));
Insert into PRJDB.CHAT_ROOMS (ID,NAME,CREATOR,CREATED_AT) values (19,'디자인채팅방','testdesign',to_date('25/04/12','RR/MM/DD'));
REM INSERTING into PRJDB.CONTRACTS
SET DEFINE OFF;
Insert into PRJDB.CONTRACTS (CONTRACT_ID,REQUEST_ID,DESIGNER_ID,DUE_DATE,REQUEST_FEE,STATUS,CLIENT_ID,CONTRACT_TITLE,STARRED_STATUS) values (4,4,'designer001',to_date('25/04/28','RR/MM/DD'),1000000,'진행중','접니다','테스트의뢰입니다',0);
Insert into PRJDB.CONTRACTS (CONTRACT_ID,REQUEST_ID,DESIGNER_ID,DUE_DATE,REQUEST_FEE,STATUS,CLIENT_ID,CONTRACT_TITLE,STARRED_STATUS) values (6,6,'designer001',to_date('25/04/29','RR/MM/DD'),10000,'진행중','ㅁㅇㄹ','ㅁㅇ',0);
Insert into PRJDB.CONTRACTS (CONTRACT_ID,REQUEST_ID,DESIGNER_ID,DUE_DATE,REQUEST_FEE,STATUS,CLIENT_ID,CONTRACT_TITLE,STARRED_STATUS) values (22,22,'designer001',to_date('25/04/29','RR/MM/DD'),100,'진행중','ㄴㅀ','이건계약입니다',0);
Insert into PRJDB.CONTRACTS (CONTRACT_ID,REQUEST_ID,DESIGNER_ID,DUE_DATE,REQUEST_FEE,STATUS,CLIENT_ID,CONTRACT_TITLE,STARRED_STATUS) values (24,24,'designer001',to_date('25/05/02','RR/MM/DD'),100000,'진행중','test!','샘플',0);
Insert into PRJDB.CONTRACTS (CONTRACT_ID,REQUEST_ID,DESIGNER_ID,DUE_DATE,REQUEST_FEE,STATUS,CLIENT_ID,CONTRACT_TITLE,STARRED_STATUS) values (20,20,'designer001',to_date('25/04/29','RR/MM/DD'),1000,'진행중','ㅁㅇㄹ','ㅁㅇ',0);
REM INSERTING into PRJDB.FILES
SET DEFINE OFF;
Insert into PRJDB.FILES (ID,FILE_NAME,FILE_PATH,UPLOADED_AT,USER_ID) values (1,'894d69d1-bbc1-4d09-89c6-44301c40666f_favicon.ico','C:/SavedFolder\894d69d1-bbc1-4d09-89c6-44301c40666f_favicon.ico',to_timestamp('25/02/24 16:26:28.037000000','RR/MM/DD HH24:MI:SSXFF'),null);
Insert into PRJDB.FILES (ID,FILE_NAME,FILE_PATH,UPLOADED_AT,USER_ID) values (2,'e8d8f0b4-bfb3-4e66-9309-ad15241deaf1_drawing.png','C:/SavedFolder\e8d8f0b4-bfb3-4e66-9309-ad15241deaf1_drawing.png',to_timestamp('25/02/24 16:26:58.956000000','RR/MM/DD HH24:MI:SSXFF'),null);
Insert into PRJDB.FILES (ID,FILE_NAME,FILE_PATH,UPLOADED_AT,USER_ID) values (3,'a98f081a-d803-483f-9ea3-13e7f528777f_favicon.ico','C:/SavedFolder\a98f081a-d803-483f-9ea3-13e7f528777f_favicon.ico',to_timestamp('25/02/24 17:15:18.372000000','RR/MM/DD HH24:MI:SSXFF'),null);
Insert into PRJDB.FILES (ID,FILE_NAME,FILE_PATH,UPLOADED_AT,USER_ID) values (4,'a4428192-1763-4132-92e5-d19fdc453ee2_drawing.png','C:/SavedFolder\a4428192-1763-4132-92e5-d19fdc453ee2_drawing.png',to_timestamp('25/02/24 17:16:16.358000000','RR/MM/DD HH24:MI:SSXFF'),null);
Insert into PRJDB.FILES (ID,FILE_NAME,FILE_PATH,UPLOADED_AT,USER_ID) values (5,'362dc569-8cd4-40e8-a159-2987b914700a_favicon.ico','C:/SavedFolder\362dc569-8cd4-40e8-a159-2987b914700a_favicon.ico',to_timestamp('25/03/22 16:19:03.518032000','RR/MM/DD HH24:MI:SSXFF'),'챗테');
Insert into PRJDB.FILES (ID,FILE_NAME,FILE_PATH,UPLOADED_AT,USER_ID) values (6,'fd681246-73af-480e-8296-ab1d9e0ed57c_favicon.ico','C:/SavedFolder\fd681246-73af-480e-8296-ab1d9e0ed57c_favicon.ico',to_timestamp('25/03/22 16:24:24.260098000','RR/MM/DD HH24:MI:SSXFF'),'챗테');
Insert into PRJDB.FILES (ID,FILE_NAME,FILE_PATH,UPLOADED_AT,USER_ID) values (7,'cffcf9ef-6c10-471c-9a13-354a3458e204_favicon.ico','C:/SavedFolder\cffcf9ef-6c10-471c-9a13-354a3458e204_favicon.ico',to_timestamp('25/03/22 16:39:58.363065000','RR/MM/DD HH24:MI:SSXFF'),'챗테');
Insert into PRJDB.FILES (ID,FILE_NAME,FILE_PATH,UPLOADED_AT,USER_ID) values (8,'c08633a0-278f-494a-add7-5dacd621d8c3_flower.jpg','C:/SavedFolder\c08633a0-278f-494a-add7-5dacd621d8c3_flower.jpg',to_timestamp('25/03/22 16:42:16.545765000','RR/MM/DD HH24:MI:SSXFF'),'챗테');
Insert into PRJDB.FILES (ID,FILE_NAME,FILE_PATH,UPLOADED_AT,USER_ID) values (9,'5bc9dc2a-a646-4ec3-bf99-baebc64f04b2_flower.jpg','C:/SavedFolder\5bc9dc2a-a646-4ec3-bf99-baebc64f04b2_flower.jpg',to_timestamp('25/03/22 16:43:49.916227000','RR/MM/DD HH24:MI:SSXFF'),'챗테');
Insert into PRJDB.FILES (ID,FILE_NAME,FILE_PATH,UPLOADED_AT,USER_ID) values (10,'4688923b-b5f4-420f-ba6d-2966ac7ce41e_flower.jpg','C:/SavedFolder\4688923b-b5f4-420f-ba6d-2966ac7ce41e_flower.jpg',to_timestamp('25/03/22 16:46:27.515070000','RR/MM/DD HH24:MI:SSXFF'),'챗테');
Insert into PRJDB.FILES (ID,FILE_NAME,FILE_PATH,UPLOADED_AT,USER_ID) values (11,'9158a5ae-7d8b-4a87-9767-305745954b9d_drawing.png','C:/SavedFolder\9158a5ae-7d8b-4a87-9767-305745954b9d_drawing.png',to_timestamp('25/03/22 16:55:23.182580000','RR/MM/DD HH24:MI:SSXFF'),'챗테');
Insert into PRJDB.FILES (ID,FILE_NAME,FILE_PATH,UPLOADED_AT,USER_ID) values (12,'8ec053fe-2821-48d9-bedb-6860a20365f2_drawing.png','C:/SavedFolder\8ec053fe-2821-48d9-bedb-6860a20365f2_drawing.png',to_timestamp('25/03/22 17:20:30.113884000','RR/MM/DD HH24:MI:SSXFF'),'챗테');
Insert into PRJDB.FILES (ID,FILE_NAME,FILE_PATH,UPLOADED_AT,USER_ID) values (13,'09bcd90c-5a47-4f93-aca5-fa711c9c33c1_drawing.png','C:/SavedFolder\09bcd90c-5a47-4f93-aca5-fa711c9c33c1_drawing.png',to_timestamp('25/03/22 17:28:00.637655000','RR/MM/DD HH24:MI:SSXFF'),'챗테');
Insert into PRJDB.FILES (ID,FILE_NAME,FILE_PATH,UPLOADED_AT,USER_ID) values (14,'4a6e8b1b-56ef-4832-a2b1-b7c1ec64ce46_flower.jpg','C:/SavedFolder\4a6e8b1b-56ef-4832-a2b1-b7c1ec64ce46_flower.jpg',to_timestamp('25/03/22 18:13:09.506075000','RR/MM/DD HH24:MI:SSXFF'),'챗테');
Insert into PRJDB.FILES (ID,FILE_NAME,FILE_PATH,UPLOADED_AT,USER_ID) values (15,'22c8d927-29b3-4c73-89b6-a2732478bbfb_flower.jpg','C:/SavedFolder\22c8d927-29b3-4c73-89b6-a2732478bbfb_flower.jpg',to_timestamp('25/03/22 18:13:11.136442000','RR/MM/DD HH24:MI:SSXFF'),'챗테');
Insert into PRJDB.FILES (ID,FILE_NAME,FILE_PATH,UPLOADED_AT,USER_ID) values (16,'09bc5117-ef6e-4abf-aadd-f9d0c26e8a18_flower.jpg','C:/SavedFolder\09bc5117-ef6e-4abf-aadd-f9d0c26e8a18_flower.jpg',to_timestamp('25/03/22 19:56:36.935004000','RR/MM/DD HH24:MI:SSXFF'),'챗테');
Insert into PRJDB.FILES (ID,FILE_NAME,FILE_PATH,UPLOADED_AT,USER_ID) values (17,'f44cedf0-d2e1-4d76-94b8-5acc02f75301_drawing.png','C:/SavedFolder\f44cedf0-d2e1-4d76-94b8-5acc02f75301_drawing.png',to_timestamp('25/03/22 20:15:37.093829000','RR/MM/DD HH24:MI:SSXFF'),'챗테');
Insert into PRJDB.FILES (ID,FILE_NAME,FILE_PATH,UPLOADED_AT,USER_ID) values (18,'4e677cd3-d63c-42a8-9243-b889f86add87_drawing.png','C:/SavedFolder\4e677cd3-d63c-42a8-9243-b889f86add87_drawing.png',to_timestamp('25/03/22 20:17:32.995409000','RR/MM/DD HH24:MI:SSXFF'),'챗테');
Insert into PRJDB.FILES (ID,FILE_NAME,FILE_PATH,UPLOADED_AT,USER_ID) values (19,'998695f7-2027-43a4-907d-e031e07f36b9_flower.jpg','C:/SavedFolder\998695f7-2027-43a4-907d-e031e07f36b9_flower.jpg',to_timestamp('25/04/12 15:05:43.488839000','RR/MM/DD HH24:MI:SSXFF'),'testclient');
Insert into PRJDB.FILES (ID,FILE_NAME,FILE_PATH,UPLOADED_AT,USER_ID) values (20,'301be8c3-5215-414d-8099-b54723417482_flower.jpg','C:/SavedFolder\301be8c3-5215-414d-8099-b54723417482_flower.jpg',to_timestamp('25/04/12 15:13:56.738796000','RR/MM/DD HH24:MI:SSXFF'),'testclient');
Insert into PRJDB.FILES (ID,FILE_NAME,FILE_PATH,UPLOADED_AT,USER_ID) values (21,'235886af-e918-4267-84c3-0700ea25ceae_flower.jpg','C:/SavedFolder\235886af-e918-4267-84c3-0700ea25ceae_flower.jpg',to_timestamp('25/04/12 15:16:34.984269000','RR/MM/DD HH24:MI:SSXFF'),'testclient');
Insert into PRJDB.FILES (ID,FILE_NAME,FILE_PATH,UPLOADED_AT,USER_ID) values (22,'de5bbb90-b177-4a7e-9b71-94e95bab30e9_스크린샷 2023-04-13 232629.png','C:/SavedFolder\de5bbb90-b177-4a7e-9b71-94e95bab30e9_스크린샷 2023-04-13 232629.png',to_timestamp('25/04/12 15:19:07.909785000','RR/MM/DD HH24:MI:SSXFF'),'testclient');
Insert into PRJDB.FILES (ID,FILE_NAME,FILE_PATH,UPLOADED_AT,USER_ID) values (23,'8c348e9f-72c3-4f70-815d-18349d717549_스크린샷 2023-04-13 232713.png','C:/SavedFolder\8c348e9f-72c3-4f70-815d-18349d717549_스크린샷 2023-04-13 232713.png',to_timestamp('25/04/12 15:24:38.782186000','RR/MM/DD HH24:MI:SSXFF'),'testclient');
Insert into PRJDB.FILES (ID,FILE_NAME,FILE_PATH,UPLOADED_AT,USER_ID) values (24,'ad23bfd4-ba74-4aec-bc4e-7a3d90e30b7d_스크린샷 2023-04-13 235006.png','C:/SavedFolder\ad23bfd4-ba74-4aec-bc4e-7a3d90e30b7d_스크린샷 2023-04-13 235006.png',to_timestamp('25/04/12 15:27:48.067956000','RR/MM/DD HH24:MI:SSXFF'),'testclient');
Insert into PRJDB.FILES (ID,FILE_NAME,FILE_PATH,UPLOADED_AT,USER_ID) values (25,'f59f1513-d951-43b8-9c9d-9db0d344ace2_스크린샷 2023-04-13 232629.png','C:/SavedFolder\f59f1513-d951-43b8-9c9d-9db0d344ace2_스크린샷 2023-04-13 232629.png',to_timestamp('25/04/12 15:28:18.510578000','RR/MM/DD HH24:MI:SSXFF'),'testclient');
Insert into PRJDB.FILES (ID,FILE_NAME,FILE_PATH,UPLOADED_AT,USER_ID) values (26,'46459ff9-fd25-47dd-a0a5-bff05239165c_스크린샷 2023-04-13 232629.png','C:/SavedFolder\46459ff9-fd25-47dd-a0a5-bff05239165c_스크린샷 2023-04-13 232629.png',to_timestamp('25/04/12 15:33:24.899320000','RR/MM/DD HH24:MI:SSXFF'),'testclient');
Insert into PRJDB.FILES (ID,FILE_NAME,FILE_PATH,UPLOADED_AT,USER_ID) values (27,'5277183f-1259-4981-820e-810440be03e2_스크린샷 2023-04-13 232713.png','C:/SavedFolder\5277183f-1259-4981-820e-810440be03e2_스크린샷 2023-04-13 232713.png',to_timestamp('25/04/12 15:33:34.309223000','RR/MM/DD HH24:MI:SSXFF'),'testclient');
Insert into PRJDB.FILES (ID,FILE_NAME,FILE_PATH,UPLOADED_AT,USER_ID) values (28,'bbf789f7-10ac-4f7d-badc-605b54511814_스크린샷 2023-04-13 232629.png','C:/SavedFolder\bbf789f7-10ac-4f7d-badc-605b54511814_스크린샷 2023-04-13 232629.png',to_timestamp('25/04/12 15:35:04.322245000','RR/MM/DD HH24:MI:SSXFF'),'testclient');
Insert into PRJDB.FILES (ID,FILE_NAME,FILE_PATH,UPLOADED_AT,USER_ID) values (29,'34148599-9fad-4925-a74f-90190f4c54c0_스크린샷 2023-04-13 232629.png','C:/SavedFolder\34148599-9fad-4925-a74f-90190f4c54c0_스크린샷 2023-04-13 232629.png',to_timestamp('25/04/12 15:48:31.072673000','RR/MM/DD HH24:MI:SSXFF'),'testclient');
Insert into PRJDB.FILES (ID,FILE_NAME,FILE_PATH,UPLOADED_AT,USER_ID) values (30,'25c60bfc-391e-4780-91d7-033b7ca86951_스크린샷 2023-04-13 232713.png','C:/SavedFolder\25c60bfc-391e-4780-91d7-033b7ca86951_스크린샷 2023-04-13 232713.png',to_timestamp('25/04/12 15:48:50.778773000','RR/MM/DD HH24:MI:SSXFF'),'testclient');
Insert into PRJDB.FILES (ID,FILE_NAME,FILE_PATH,UPLOADED_AT,USER_ID) values (31,'3cf9d188-9dde-45df-ae09-a44d45e013cf_스크린샷 2023-04-13 232629.png','C:/SavedFolder\3cf9d188-9dde-45df-ae09-a44d45e013cf_스크린샷 2023-04-13 232629.png',to_timestamp('25/04/12 15:52:47.249584000','RR/MM/DD HH24:MI:SSXFF'),'testclient');
Insert into PRJDB.FILES (ID,FILE_NAME,FILE_PATH,UPLOADED_AT,USER_ID) values (32,'f841c5ee-aeb8-4290-b475-866fd8a0de0c_스크린샷 2023-04-13 232629.png','C:/SavedFolder\f841c5ee-aeb8-4290-b475-866fd8a0de0c_스크린샷 2023-04-13 232629.png',to_timestamp('25/04/12 16:03:43.914498000','RR/MM/DD HH24:MI:SSXFF'),'testclient');
Insert into PRJDB.FILES (ID,FILE_NAME,FILE_PATH,UPLOADED_AT,USER_ID) values (33,'39119854-d94d-46bc-bbda-056a2fee3750_스크린샷 2023-04-13 235006.png','C:/SavedFolder\39119854-d94d-46bc-bbda-056a2fee3750_스크린샷 2023-04-13 235006.png',to_timestamp('25/04/12 16:04:17.763676000','RR/MM/DD HH24:MI:SSXFF'),'testclient');
Insert into PRJDB.FILES (ID,FILE_NAME,FILE_PATH,UPLOADED_AT,USER_ID) values (34,'da28d777-2fb0-4667-b85e-68422fbe0d0d_스크린샷 2023-04-13 232629.png','C:/SavedFolder\da28d777-2fb0-4667-b85e-68422fbe0d0d_스크린샷 2023-04-13 232629.png',to_timestamp('25/04/12 16:20:16.512643000','RR/MM/DD HH24:MI:SSXFF'),'testclient');
Insert into PRJDB.FILES (ID,FILE_NAME,FILE_PATH,UPLOADED_AT,USER_ID) values (35,'31c56bf3-772f-45b5-9dc1-2e9c7aab0789_스크린샷 2023-04-14 184504.png','C:/SavedFolder\31c56bf3-772f-45b5-9dc1-2e9c7aab0789_스크린샷 2023-04-14 184504.png',to_timestamp('25/04/12 16:20:51.974768000','RR/MM/DD HH24:MI:SSXFF'),'testclient');
Insert into PRJDB.FILES (ID,FILE_NAME,FILE_PATH,UPLOADED_AT,USER_ID) values (36,'57893e2d-9e6c-4b1d-ad4a-c5ace2fdef22_스크린샷 2023-04-13 232629.png','C:/SavedFolder\57893e2d-9e6c-4b1d-ad4a-c5ace2fdef22_스크린샷 2023-04-13 232629.png',to_timestamp('25/04/12 16:21:09.737374000','RR/MM/DD HH24:MI:SSXFF'),'testclient');
Insert into PRJDB.FILES (ID,FILE_NAME,FILE_PATH,UPLOADED_AT,USER_ID) values (37,'150adbe3-23cf-4eb5-be90-1c4d888284cb_스크린샷 2023-04-13 232629.png','C:/SavedFolder\150adbe3-23cf-4eb5-be90-1c4d888284cb_스크린샷 2023-04-13 232629.png',to_timestamp('25/04/12 16:24:30.853793000','RR/MM/DD HH24:MI:SSXFF'),'testclient');
Insert into PRJDB.FILES (ID,FILE_NAME,FILE_PATH,UPLOADED_AT,USER_ID) values (38,'673e6fd1-2429-4188-a0b2-a56a828b701e_스크린샷 2023-04-13 232629.png','C:/SavedFolder\673e6fd1-2429-4188-a0b2-a56a828b701e_스크린샷 2023-04-13 232629.png',to_timestamp('25/04/12 16:26:52.410829000','RR/MM/DD HH24:MI:SSXFF'),'testclient');
Insert into PRJDB.FILES (ID,FILE_NAME,FILE_PATH,UPLOADED_AT,USER_ID) values (39,'c01eaf73-505b-4ced-8ad9-4364864b89d1_스크린샷 2023-04-13 232713.png','C:/SavedFolder\c01eaf73-505b-4ced-8ad9-4364864b89d1_스크린샷 2023-04-13 232713.png',to_timestamp('25/04/12 17:28:32.601632000','RR/MM/DD HH24:MI:SSXFF'),'testclient');
Insert into PRJDB.FILES (ID,FILE_NAME,FILE_PATH,UPLOADED_AT,USER_ID) values (40,'89f1c6d1-4a3b-427f-b03d-03dfdb645262_스크린샷 2023-04-13 232629.png','C:/SavedFolder\89f1c6d1-4a3b-427f-b03d-03dfdb645262_스크린샷 2023-04-13 232629.png',to_timestamp('25/04/12 17:28:53.331294000','RR/MM/DD HH24:MI:SSXFF'),'testdesign');
Insert into PRJDB.FILES (ID,FILE_NAME,FILE_PATH,UPLOADED_AT,USER_ID) values (41,'f8fc17a9-c59b-4850-8474-81b6400d9d75_객체지향소프트웨어공학기법을이용한리듬게임의개발.pdf','C:/SavedFolder\f8fc17a9-c59b-4850-8474-81b6400d9d75_객체지향소프트웨어공학기법을이용한리듬게임의개발.pdf',to_timestamp('25/04/12 17:32:36.234479000','RR/MM/DD HH24:MI:SSXFF'),'testdesign');
Insert into PRJDB.FILES (ID,FILE_NAME,FILE_PATH,UPLOADED_AT,USER_ID) values (42,'5be551e6-b3fd-4305-bdb6-c09ac99b8124_객체지향소프트웨어공학기법을이용한리듬게임의개발.pdf','C:/SavedFolder\5be551e6-b3fd-4305-bdb6-c09ac99b8124_객체지향소프트웨어공학기법을이용한리듬게임의개발.pdf',to_timestamp('25/04/12 17:34:20.829679000','RR/MM/DD HH24:MI:SSXFF'),'testdesign');
Insert into PRJDB.FILES (ID,FILE_NAME,FILE_PATH,UPLOADED_AT,USER_ID) values (43,'c599ff41-a25e-4a05-870c-2e88894d7aab_스크린샷 2023-04-13 232629.png','C:/SavedFolder\c599ff41-a25e-4a05-870c-2e88894d7aab_스크린샷 2023-04-13 232629.png',to_timestamp('25/04/12 17:46:34.957077000','RR/MM/DD HH24:MI:SSXFF'),'testclient');
Insert into PRJDB.FILES (ID,FILE_NAME,FILE_PATH,UPLOADED_AT,USER_ID) values (44,'baa4883f-2b79-40af-b23b-b3e0545c0443_객체지향소프트웨어공학기법을이용한리듬게임의개발.pdf','C:/SavedFolder\baa4883f-2b79-40af-b23b-b3e0545c0443_객체지향소프트웨어공학기법을이용한리듬게임의개발.pdf',to_timestamp('25/04/12 20:09:35.898800000','RR/MM/DD HH24:MI:SSXFF'),'testclient');
Insert into PRJDB.FILES (ID,FILE_NAME,FILE_PATH,UPLOADED_AT,USER_ID) values (45,'97ee2b0d-b462-4f5c-bb96-24c0996f8b79_flower.jpg','C:/SavedFolder\97ee2b0d-b462-4f5c-bb96-24c0996f8b79_flower.jpg',to_timestamp('25/04/12 20:10:13.158629000','RR/MM/DD HH24:MI:SSXFF'),'testclient');
Insert into PRJDB.FILES (ID,FILE_NAME,FILE_PATH,UPLOADED_AT,USER_ID) values (46,'15c660b6-4f81-4657-bbf7-9ff4e7f6f8c7_drawing.png','C:/SavedFolder\15c660b6-4f81-4657-bbf7-9ff4e7f6f8c7_drawing.png',to_timestamp('25/04/28 20:13:22.707453000','RR/MM/DD HH24:MI:SSXFF'),'test1');
Insert into PRJDB.FILES (ID,FILE_NAME,FILE_PATH,UPLOADED_AT,USER_ID) values (47,'72bb52fc-e269-437b-ab9f-1f87310f0925_image.png','C:/SavedFolder\72bb52fc-e269-437b-ab9f-1f87310f0925_image.png',to_timestamp('25/04/28 20:13:27.011301000','RR/MM/DD HH24:MI:SSXFF'),'test1');
Insert into PRJDB.FILES (ID,FILE_NAME,FILE_PATH,UPLOADED_AT,USER_ID) values (48,'c30884d1-b2d4-4e2f-b26d-7dbecb387065_drawing.png','C:/SavedFolder\c30884d1-b2d4-4e2f-b26d-7dbecb387065_drawing.png',to_timestamp('25/04/28 20:13:50.674255000','RR/MM/DD HH24:MI:SSXFF'),'test1');
Insert into PRJDB.FILES (ID,FILE_NAME,FILE_PATH,UPLOADED_AT,USER_ID) values (49,'308f3daa-f8b9-4aa9-b234-abc4263797bd_image.png','C:/SavedFolder\308f3daa-f8b9-4aa9-b234-abc4263797bd_image.png',to_timestamp('25/04/28 20:14:04.226709000','RR/MM/DD HH24:MI:SSXFF'),'test1');
Insert into PRJDB.FILES (ID,FILE_NAME,FILE_PATH,UPLOADED_AT,USER_ID) values (50,'3dcc2be1-5804-48b0-95ef-7a178b7fa013_image.png','C:/SavedFolder\3dcc2be1-5804-48b0-95ef-7a178b7fa013_image.png',to_timestamp('25/04/28 20:14:44.980494000','RR/MM/DD HH24:MI:SSXFF'),'test1');
Insert into PRJDB.FILES (ID,FILE_NAME,FILE_PATH,UPLOADED_AT,USER_ID) values (51,'bb8f9a3c-a299-4500-9500-df488c3de69e_drawing.png','C:/SavedFolder\bb8f9a3c-a299-4500-9500-df488c3de69e_drawing.png',to_timestamp('25/04/28 20:15:13.867073000','RR/MM/DD HH24:MI:SSXFF'),'test1');
Insert into PRJDB.FILES (ID,FILE_NAME,FILE_PATH,UPLOADED_AT,USER_ID) values (52,'a8303818-17b4-4e55-aea3-9f934de729e4_image.png','C:/SavedFolder\a8303818-17b4-4e55-aea3-9f934de729e4_image.png',to_timestamp('25/04/28 20:15:44.885725000','RR/MM/DD HH24:MI:SSXFF'),'test1');
Insert into PRJDB.FILES (ID,FILE_NAME,FILE_PATH,UPLOADED_AT,USER_ID) values (53,'9574ecd3-f560-4d35-8057-6d451b55d773_drawing.png','C:/SavedFolder\9574ecd3-f560-4d35-8057-6d451b55d773_drawing.png',to_timestamp('25/04/28 20:16:08.056022000','RR/MM/DD HH24:MI:SSXFF'),'test1');
Insert into PRJDB.FILES (ID,FILE_NAME,FILE_PATH,UPLOADED_AT,USER_ID) values (54,'3af62e73-2a2f-4271-8e23-5d6bf03f91e3_image.png','C:/SavedFolder\3af62e73-2a2f-4271-8e23-5d6bf03f91e3_image.png',to_timestamp('25/04/28 20:16:22.981059000','RR/MM/DD HH24:MI:SSXFF'),'test1');
Insert into PRJDB.FILES (ID,FILE_NAME,FILE_PATH,UPLOADED_AT,USER_ID) values (55,'b9b71114-d5f9-48dc-8480-e0186858f574_jean.jpg','C:/SavedFolder\b9b71114-d5f9-48dc-8480-e0186858f574_jean.jpg',to_timestamp('25/04/28 20:22:49.111110000','RR/MM/DD HH24:MI:SSXFF'),'test1');
Insert into PRJDB.FILES (ID,FILE_NAME,FILE_PATH,UPLOADED_AT,USER_ID) values (56,'7f193cd3-8d29-4bdf-9c3e-40969ed9bc76_drawing.png','C:/SavedFolder\7f193cd3-8d29-4bdf-9c3e-40969ed9bc76_drawing.png',to_timestamp('25/04/28 20:23:25.091945000','RR/MM/DD HH24:MI:SSXFF'),'test1');
Insert into PRJDB.FILES (ID,FILE_NAME,FILE_PATH,UPLOADED_AT,USER_ID) values (57,'8a3b9833-b8fa-47d4-912b-289cff9d5089_drawing.png','C:/SavedFolder\8a3b9833-b8fa-47d4-912b-289cff9d5089_drawing.png',to_timestamp('25/04/28 20:30:10.155234000','RR/MM/DD HH24:MI:SSXFF'),'test1');
Insert into PRJDB.FILES (ID,FILE_NAME,FILE_PATH,UPLOADED_AT,USER_ID) values (58,'42ca1654-4b6d-4680-8ccb-1ba8299eb330_jean.jpg','C:/SavedFolder\42ca1654-4b6d-4680-8ccb-1ba8299eb330_jean.jpg',to_timestamp('25/04/28 21:02:22.607673000','RR/MM/DD HH24:MI:SSXFF'),'test33');
Insert into PRJDB.FILES (ID,FILE_NAME,FILE_PATH,UPLOADED_AT,USER_ID) values (59,'41ae00a0-1272-4970-b18d-503316366eb9_jean.jpg','C:/SavedFolder\41ae00a0-1272-4970-b18d-503316366eb9_jean.jpg',to_timestamp('25/04/28 21:06:23.333067000','RR/MM/DD HH24:MI:SSXFF'),'test33');
Insert into PRJDB.FILES (ID,FILE_NAME,FILE_PATH,UPLOADED_AT,USER_ID) values (60,'7ca9acbe-7bf5-43ef-b785-643444916c37_jean.jpg','C:/SavedFolder\7ca9acbe-7bf5-43ef-b785-643444916c37_jean.jpg',to_timestamp('25/04/28 21:10:05.757544000','RR/MM/DD HH24:MI:SSXFF'),'test33');
Insert into PRJDB.FILES (ID,FILE_NAME,FILE_PATH,UPLOADED_AT,USER_ID) values (61,'f4d5f0dc-b6cf-4b26-8830-974c981c2416_jean.jpg','C:/SavedFolder\f4d5f0dc-b6cf-4b26-8830-974c981c2416_jean.jpg',to_timestamp('25/04/28 21:10:53.224525000','RR/MM/DD HH24:MI:SSXFF'),'test33');
Insert into PRJDB.FILES (ID,FILE_NAME,FILE_PATH,UPLOADED_AT,USER_ID) values (62,'11b828dd-3b2a-4851-8aae-d434b8b1cb71_drawing.png','C:/SavedFolder\11b828dd-3b2a-4851-8aae-d434b8b1cb71_drawing.png',to_timestamp('25/04/28 21:19:03.154470000','RR/MM/DD HH24:MI:SSXFF'),'test1');
Insert into PRJDB.FILES (ID,FILE_NAME,FILE_PATH,UPLOADED_AT,USER_ID) values (63,'eb2d0b4a-8814-4b90-9c7c-313f9320917c_drawing.png','C:/SavedFolder\eb2d0b4a-8814-4b90-9c7c-313f9320917c_drawing.png',to_timestamp('25/04/28 21:21:08.445657000','RR/MM/DD HH24:MI:SSXFF'),'test33');
Insert into PRJDB.FILES (ID,FILE_NAME,FILE_PATH,UPLOADED_AT,USER_ID) values (64,'b9d94cf0-7954-4332-a654-8ab9c7dad623_drawing.png','C:/SavedFolder\b9d94cf0-7954-4332-a654-8ab9c7dad623_drawing.png',to_timestamp('25/04/29 03:26:04.440797000','RR/MM/DD HH24:MI:SSXFF'),'test33');
Insert into PRJDB.FILES (ID,FILE_NAME,FILE_PATH,UPLOADED_AT,USER_ID) values (65,'8cfd6484-9a86-4fbe-9bfd-ec22c534a2e5_jean.jpg','C:/SavedFolder\8cfd6484-9a86-4fbe-9bfd-ec22c534a2e5_jean.jpg',to_timestamp('25/04/29 14:22:48.309799000','RR/MM/DD HH24:MI:SSXFF'),'test33');
Insert into PRJDB.FILES (ID,FILE_NAME,FILE_PATH,UPLOADED_AT,USER_ID) values (66,'f1045953-c311-4dee-8265-a73c8ab900ec_drawing.png','C:/SavedFolder\f1045953-c311-4dee-8265-a73c8ab900ec_drawing.png',to_timestamp('25/04/29 15:00:54.659136000','RR/MM/DD HH24:MI:SSXFF'),'test33');
Insert into PRJDB.FILES (ID,FILE_NAME,FILE_PATH,UPLOADED_AT,USER_ID) values (67,'ea8b3634-cd96-4cb7-97d1-a5f3a8bc09ba_jean.jpg','C:/SavedFolder\ea8b3634-cd96-4cb7-97d1-a5f3a8bc09ba_jean.jpg',to_timestamp('25/04/29 15:01:39.153168000','RR/MM/DD HH24:MI:SSXFF'),'test33');
Insert into PRJDB.FILES (ID,FILE_NAME,FILE_PATH,UPLOADED_AT,USER_ID) values (68,'77b64c69-72b8-4e00-b16e-193864d33704_flower.jpg','C:/SavedFolder\77b64c69-72b8-4e00-b16e-193864d33704_flower.jpg',to_timestamp('25/04/29 15:14:16.865926000','RR/MM/DD HH24:MI:SSXFF'),'test33');
Insert into PRJDB.FILES (ID,FILE_NAME,FILE_PATH,UPLOADED_AT,USER_ID) values (69,'9e91f52a-7b63-4a70-937d-6e4ebdb13862_jean.jpg','C:/SavedFolder\9e91f52a-7b63-4a70-937d-6e4ebdb13862_jean.jpg',to_timestamp('25/04/29 15:14:23.169635000','RR/MM/DD HH24:MI:SSXFF'),'test33');
Insert into PRJDB.FILES (ID,FILE_NAME,FILE_PATH,UPLOADED_AT,USER_ID) values (70,'71220300-ae84-44d0-9ac4-ddcc414bb854_jean.jpg','C:/SavedFolder\71220300-ae84-44d0-9ac4-ddcc414bb854_jean.jpg',to_timestamp('25/04/29 16:48:41.495041000','RR/MM/DD HH24:MI:SSXFF'),'test33');
Insert into PRJDB.FILES (ID,FILE_NAME,FILE_PATH,UPLOADED_AT,USER_ID) values (71,'f75a1000-60b7-461f-8ea4-035489b640ce_drawing.png','C:/SavedFolder\f75a1000-60b7-461f-8ea4-035489b640ce_drawing.png',to_timestamp('25/04/29 16:48:51.295120000','RR/MM/DD HH24:MI:SSXFF'),'test33');
Insert into PRJDB.FILES (ID,FILE_NAME,FILE_PATH,UPLOADED_AT,USER_ID) values (72,'db775707-b803-4cc2-a4dc-2f755c2d900c_flower.jpg','C:/SavedFolder\db775707-b803-4cc2-a4dc-2f755c2d900c_flower.jpg',to_timestamp('25/04/29 17:24:09.203605000','RR/MM/DD HH24:MI:SSXFF'),'test33');
Insert into PRJDB.FILES (ID,FILE_NAME,FILE_PATH,UPLOADED_AT,USER_ID) values (73,'8b42a7cf-4439-47c0-9348-1ac5a12e5b0d_drawing.png','C:/SavedFolder\8b42a7cf-4439-47c0-9348-1ac5a12e5b0d_drawing.png',to_timestamp('25/04/29 17:24:25.438521000','RR/MM/DD HH24:MI:SSXFF'),'test33');
Insert into PRJDB.FILES (ID,FILE_NAME,FILE_PATH,UPLOADED_AT,USER_ID) values (74,'ac68cb23-6612-4cf6-adc7-77f2f5ef17e2_flower.jpg','C:/SavedFolder\ac68cb23-6612-4cf6-adc7-77f2f5ef17e2_flower.jpg',to_timestamp('25/04/29 17:27:50.623690000','RR/MM/DD HH24:MI:SSXFF'),'test33');
REM INSERTING into PRJDB.POSTS
SET DEFINE OFF;
Insert into PRJDB.POSTS (POSTNUM,ID,CONTENTS) values (1742635957320,'챗테','df');
Insert into PRJDB.POSTS (POSTNUM,ID,CONTENTS) values (1742635959541,'챗테','sadsd');
Insert into PRJDB.POSTS (POSTNUM,ID,CONTENTS) values (1745913035735,'test1','옷을 좀 잘합니다');
Insert into PRJDB.POSTS (POSTNUM,ID,CONTENTS) values (1742972354083,'test1','작성성자자');
Insert into PRJDB.POSTS (POSTNUM,ID,CONTENTS) values (1742976158198,'test321','테스트');
Insert into PRJDB.POSTS (POSTNUM,ID,CONTENTS) values (1745915203525,'test1','나는 옷이 좋습니다.');
Insert into PRJDB.POSTS (POSTNUM,ID,CONTENTS) values (1745906599719,'test1','나여 디자이너');
REM INSERTING into PRJDB.TMPDESIGN
SET DEFINE OFF;
Insert into PRJDB.TMPDESIGN (DESIGNNAME,CLOTHESTYPE,FABRIC,CLOTHES_SIZE) values ('샘플','상의','면','XS');
Insert into PRJDB.TMPDESIGN (DESIGNNAME,CLOTHESTYPE,FABRIC,CLOTHES_SIZE) values ('hgkjghjg','상의','면','XS');
Insert into PRJDB.TMPDESIGN (DESIGNNAME,CLOTHESTYPE,FABRIC,CLOTHES_SIZE) values ('ttt','상의','면','XS');
REM INSERTING into PRJDB.USER_DESIGN
SET DEFINE OFF;
Insert into PRJDB.USER_DESIGN (DESIGN_ID,ID,CLOTHING_TYPE,FABRIC,SIZEE,DESIGN_NAME,CREATED_AT,CATEGORY) values (4,'test1','티셔츠(T-shirt)','["데님"]','XS','디자인1',to_date('25/04/29','RR/MM/DD'),'template');
Insert into PRJDB.USER_DESIGN (DESIGN_ID,ID,CLOTHING_TYPE,FABRIC,SIZEE,DESIGN_NAME,CREATED_AT,CATEGORY) values (5,'test1','맨투맨(Sweatshirt)','["나일론"]','S','디자인2',to_date('25/04/29','RR/MM/DD'),'template');
Insert into PRJDB.USER_DESIGN (DESIGN_ID,ID,CLOTHING_TYPE,FABRIC,SIZEE,DESIGN_NAME,CREATED_AT,CATEGORY) values (6,'test33','티셔츠(T-shirt)','["가죽"]','XS','adf',to_date('25/04/29','RR/MM/DD'),'template');
Insert into PRJDB.USER_DESIGN (DESIGN_ID,ID,CLOTHING_TYPE,FABRIC,SIZEE,DESIGN_NAME,CREATED_AT,CATEGORY) values (7,'test33','티셔츠(T-shirt)','["면"]','S','ddddddd',to_date('25/04/29','RR/MM/DD'),'template');
Insert into PRJDB.USER_DESIGN (DESIGN_ID,ID,CLOTHING_TYPE,FABRIC,SIZEE,DESIGN_NAME,CREATED_AT,CATEGORY) values (8,'test33','티셔츠(T-shirt)','["면"]','XS','디자인입니다',to_date('25/04/29','RR/MM/DD'),'template');
Insert into PRJDB.USER_DESIGN (DESIGN_ID,ID,CLOTHING_TYPE,FABRIC,SIZEE,DESIGN_NAME,CREATED_AT,CATEGORY) values (9,'test33','후드(Hoodie)','["폴리에스터"]','L','이건내디자인입니다',to_date('25/04/29','RR/MM/DD'),'template');
REM INSERTING into PRJDB.USER_INFO
SET DEFINE OFF;
Insert into PRJDB.USER_INFO (ID,PASSWD,EMAIL,NAME,TEL,BIRTHDATE,GENDER,USERTYPE) values ('챗테','cotxp!','cptxp@cptxp.com',null,null,null,null,null);
Insert into PRJDB.USER_INFO (ID,PASSWD,EMAIL,NAME,TEL,BIRTHDATE,GENDER,USERTYPE) values ('테테테','테테테비번','xpxp@xpxpl.com',null,null,null,null,'client');
Insert into PRJDB.USER_INFO (ID,PASSWD,EMAIL,NAME,TEL,BIRTHDATE,GENDER,USERTYPE) values ('test1','test!','test!@test.com',null,null,null,null,'designer');
Insert into PRJDB.USER_INFO (ID,PASSWD,EMAIL,NAME,TEL,BIRTHDATE,GENDER,USERTYPE) values ('테스트','test','test@test.com','이름테스트','010010010','2025-03-13','남성',null);
Insert into PRJDB.USER_INFO (ID,PASSWD,EMAIL,NAME,TEL,BIRTHDATE,GENDER,USERTYPE) values ('testcl','testcl!','testcl@test.com',null,null,null,null,'client');
Insert into PRJDB.USER_INFO (ID,PASSWD,EMAIL,NAME,TEL,BIRTHDATE,GENDER,USERTYPE) values ('test3','test!',null,null,null,null,null,'client');
Insert into PRJDB.USER_INFO (ID,PASSWD,EMAIL,NAME,TEL,BIRTHDATE,GENDER,USERTYPE) values ('test123','test1',null,null,null,null,null,'client');
Insert into PRJDB.USER_INFO (ID,PASSWD,EMAIL,NAME,TEL,BIRTHDATE,GENDER,USERTYPE) values ('test321','test1',null,null,null,null,null,'designer');
Insert into PRJDB.USER_INFO (ID,PASSWD,EMAIL,NAME,TEL,BIRTHDATE,GENDER,USERTYPE) values ('qwe','qwe!',null,null,null,null,null,'client');
Insert into PRJDB.USER_INFO (ID,PASSWD,EMAIL,NAME,TEL,BIRTHDATE,GENDER,USERTYPE) values ('ewq','ewq!',null,null,null,null,null,'designer');
Insert into PRJDB.USER_INFO (ID,PASSWD,EMAIL,NAME,TEL,BIRTHDATE,GENDER,USERTYPE) values ('testclient','test!',null,null,null,null,null,'client');
Insert into PRJDB.USER_INFO (ID,PASSWD,EMAIL,NAME,TEL,BIRTHDATE,GENDER,USERTYPE) values ('testdesign','test!',null,null,null,null,null,'designer');
Insert into PRJDB.USER_INFO (ID,PASSWD,EMAIL,NAME,TEL,BIRTHDATE,GENDER,USERTYPE) values ('alam11','alan112',null,null,null,null,null,'client');
Insert into PRJDB.USER_INFO (ID,PASSWD,EMAIL,NAME,TEL,BIRTHDATE,GENDER,USERTYPE) values ('ctest','ctest!','ctest@test.com',null,null,null,null,'client');
Insert into PRJDB.USER_INFO (ID,PASSWD,EMAIL,NAME,TEL,BIRTHDATE,GENDER,USERTYPE) values ('test2','test!','adf@sdadf.com',null,null,null,null,'client');
Insert into PRJDB.USER_INFO (ID,PASSWD,EMAIL,NAME,TEL,BIRTHDATE,GENDER,USERTYPE) values ('test11','test!',null,null,null,null,null,'client');
Insert into PRJDB.USER_INFO (ID,PASSWD,EMAIL,NAME,TEL,BIRTHDATE,GENDER,USERTYPE) values ('test22','test!','alan@nal.com',null,null,null,null,'client');
Insert into PRJDB.USER_INFO (ID,PASSWD,EMAIL,NAME,TEL,BIRTHDATE,GENDER,USERTYPE) values ('test33','test!','adf@sdf.cm','dafdfs','010002-102','2025-04-04','male','client');
Insert into PRJDB.USER_INFO (ID,PASSWD,EMAIL,NAME,TEL,BIRTHDATE,GENDER,USERTYPE) values ('test233','test!',null,null,null,null,null,'client');
Insert into PRJDB.USER_INFO (ID,PASSWD,EMAIL,NAME,TEL,BIRTHDATE,GENDER,USERTYPE) values ('alan112','alan112','alan112@naver.com','앙드레',null,null,null,'client');
Insert into PRJDB.USER_INFO (ID,PASSWD,EMAIL,NAME,TEL,BIRTHDATE,GENDER,USERTYPE) values ('test1234','test123!','test123@adf.com','테스형','01012330444','2025-04-23','female','client');
Insert into PRJDB.USER_INFO (ID,PASSWD,EMAIL,NAME,TEL,BIRTHDATE,GENDER,USERTYPE) values ('asdf1','asdf1!','alan112@naer.com','dfdsdf',null,null,null,'designer');
Insert into PRJDB.USER_INFO (ID,PASSWD,EMAIL,NAME,TEL,BIRTHDATE,GENDER,USERTYPE) values ('asdf1234','asdf1234!',null,null,null,null,null,'client');
Insert into PRJDB.USER_INFO (ID,PASSWD,EMAIL,NAME,TEL,BIRTHDATE,GENDER,USERTYPE) values ('designer1','test!','test@test.com','adfa',null,null,null,'designer');
--------------------------------------------------------
--  DDL for Index SYS_C007000
--------------------------------------------------------

  CREATE UNIQUE INDEX "PRJDB"."SYS_C007000" ON "PRJDB"."FILES" ("ID") 
  PCTFREE 10 INITRANS 2 MAXTRANS 255 COMPUTE STATISTICS 
  STORAGE(INITIAL 65536 NEXT 1048576 MINEXTENTS 1 MAXEXTENTS 2147483645
  PCTINCREASE 0 FREELISTS 1 FREELIST GROUPS 1 BUFFER_POOL DEFAULT FLASH_CACHE DEFAULT CELL_FLASH_CACHE DEFAULT)
  TABLESPACE "SYSTEM"
--------------------------------------------------------
--  DDL for Index SYS_C007002
--------------------------------------------------------

  CREATE UNIQUE INDEX "PRJDB"."SYS_C007002" ON "PRJDB"."TMPDESIGN" ("DESIGNNAME") 
  PCTFREE 10 INITRANS 2 MAXTRANS 255 COMPUTE STATISTICS 
  STORAGE(INITIAL 65536 NEXT 1048576 MINEXTENTS 1 MAXEXTENTS 2147483645
  PCTINCREASE 0 FREELISTS 1 FREELIST GROUPS 1 BUFFER_POOL DEFAULT FLASH_CACHE DEFAULT CELL_FLASH_CACHE DEFAULT)
  TABLESPACE "SYSTEM"
--------------------------------------------------------
--  DDL for Index SYS_C007003
--------------------------------------------------------

  CREATE UNIQUE INDEX "PRJDB"."SYS_C007003" ON "PRJDB"."USER_INFO" ("ID") 
  PCTFREE 10 INITRANS 2 MAXTRANS 255 COMPUTE STATISTICS 
  STORAGE(INITIAL 65536 NEXT 1048576 MINEXTENTS 1 MAXEXTENTS 2147483645
  PCTINCREASE 0 FREELISTS 1 FREELIST GROUPS 1 BUFFER_POOL DEFAULT FLASH_CACHE DEFAULT CELL_FLASH_CACHE DEFAULT)
  TABLESPACE "SYSTEM"
--------------------------------------------------------
--  DDL for Index SYS_C007008
--------------------------------------------------------

  CREATE UNIQUE INDEX "PRJDB"."SYS_C007008" ON "PRJDB"."POSTS" ("POSTNUM") 
  PCTFREE 10 INITRANS 2 MAXTRANS 255 COMPUTE STATISTICS 
  STORAGE(INITIAL 65536 NEXT 1048576 MINEXTENTS 1 MAXEXTENTS 2147483645
  PCTINCREASE 0 FREELISTS 1 FREELIST GROUPS 1 BUFFER_POOL DEFAULT FLASH_CACHE DEFAULT CELL_FLASH_CACHE DEFAULT)
  TABLESPACE "SYSTEM"
--------------------------------------------------------
--  DDL for Index SYS_C007020
--------------------------------------------------------

  CREATE UNIQUE INDEX "PRJDB"."SYS_C007020" ON "PRJDB"."CHAT_ROOMS" ("ID") 
  PCTFREE 10 INITRANS 2 MAXTRANS 255 COMPUTE STATISTICS 
  STORAGE(INITIAL 65536 NEXT 1048576 MINEXTENTS 1 MAXEXTENTS 2147483645
  PCTINCREASE 0 FREELISTS 1 FREELIST GROUPS 1 BUFFER_POOL DEFAULT FLASH_CACHE DEFAULT CELL_FLASH_CACHE DEFAULT)
  TABLESPACE "SYSTEM"
--------------------------------------------------------
--  DDL for Index SYS_C007022
--------------------------------------------------------

  CREATE UNIQUE INDEX "PRJDB"."SYS_C007022" ON "PRJDB"."CHAT_MESSAGES" ("ID") 
  PCTFREE 10 INITRANS 2 MAXTRANS 255 COMPUTE STATISTICS 
  STORAGE(INITIAL 65536 NEXT 1048576 MINEXTENTS 1 MAXEXTENTS 2147483645
  PCTINCREASE 0 FREELISTS 1 FREELIST GROUPS 1 BUFFER_POOL DEFAULT FLASH_CACHE DEFAULT CELL_FLASH_CACHE DEFAULT)
  TABLESPACE "SYSTEM"
--------------------------------------------------------
--  DDL for Index SYS_C007045
--------------------------------------------------------

  CREATE UNIQUE INDEX "PRJDB"."SYS_C007045" ON "PRJDB"."CONTRACTS" ("CONTRACT_ID") 
  PCTFREE 10 INITRANS 2 MAXTRANS 255 COMPUTE STATISTICS 
  STORAGE(INITIAL 65536 NEXT 1048576 MINEXTENTS 1 MAXEXTENTS 2147483645
  PCTINCREASE 0 FREELISTS 1 FREELIST GROUPS 1 BUFFER_POOL DEFAULT FLASH_CACHE DEFAULT CELL_FLASH_CACHE DEFAULT)
  TABLESPACE "SYSTEM"
--------------------------------------------------------
--  DDL for Index SYS_C007054
--------------------------------------------------------

  CREATE UNIQUE INDEX "PRJDB"."SYS_C007054" ON "PRJDB"."USER_DESIGN" ("DESIGN_ID") 
  PCTFREE 10 INITRANS 2 MAXTRANS 255 
  STORAGE(INITIAL 65536 NEXT 1048576 MINEXTENTS 1 MAXEXTENTS 2147483645
  PCTINCREASE 0 FREELISTS 1 FREELIST GROUPS 1 BUFFER_POOL DEFAULT FLASH_CACHE DEFAULT CELL_FLASH_CACHE DEFAULT)
  TABLESPACE "SYSTEM"
--------------------------------------------------------
--  DDL for Index SYS_C007022
--------------------------------------------------------

  CREATE UNIQUE INDEX "PRJDB"."SYS_C007022" ON "PRJDB"."CHAT_MESSAGES" ("ID") 
  PCTFREE 10 INITRANS 2 MAXTRANS 255 COMPUTE STATISTICS 
  STORAGE(INITIAL 65536 NEXT 1048576 MINEXTENTS 1 MAXEXTENTS 2147483645
  PCTINCREASE 0 FREELISTS 1 FREELIST GROUPS 1 BUFFER_POOL DEFAULT FLASH_CACHE DEFAULT CELL_FLASH_CACHE DEFAULT)
  TABLESPACE "SYSTEM"
--------------------------------------------------------
--  DDL for Index SYS_C007020
--------------------------------------------------------

  CREATE UNIQUE INDEX "PRJDB"."SYS_C007020" ON "PRJDB"."CHAT_ROOMS" ("ID") 
  PCTFREE 10 INITRANS 2 MAXTRANS 255 COMPUTE STATISTICS 
  STORAGE(INITIAL 65536 NEXT 1048576 MINEXTENTS 1 MAXEXTENTS 2147483645
  PCTINCREASE 0 FREELISTS 1 FREELIST GROUPS 1 BUFFER_POOL DEFAULT FLASH_CACHE DEFAULT CELL_FLASH_CACHE DEFAULT)
  TABLESPACE "SYSTEM"
--------------------------------------------------------
--  DDL for Index SYS_C007045
--------------------------------------------------------

  CREATE UNIQUE INDEX "PRJDB"."SYS_C007045" ON "PRJDB"."CONTRACTS" ("CONTRACT_ID") 
  PCTFREE 10 INITRANS 2 MAXTRANS 255 COMPUTE STATISTICS 
  STORAGE(INITIAL 65536 NEXT 1048576 MINEXTENTS 1 MAXEXTENTS 2147483645
  PCTINCREASE 0 FREELISTS 1 FREELIST GROUPS 1 BUFFER_POOL DEFAULT FLASH_CACHE DEFAULT CELL_FLASH_CACHE DEFAULT)
  TABLESPACE "SYSTEM"
--------------------------------------------------------
--  DDL for Index SYS_C007000
--------------------------------------------------------

  CREATE UNIQUE INDEX "PRJDB"."SYS_C007000" ON "PRJDB"."FILES" ("ID") 
  PCTFREE 10 INITRANS 2 MAXTRANS 255 COMPUTE STATISTICS 
  STORAGE(INITIAL 65536 NEXT 1048576 MINEXTENTS 1 MAXEXTENTS 2147483645
  PCTINCREASE 0 FREELISTS 1 FREELIST GROUPS 1 BUFFER_POOL DEFAULT FLASH_CACHE DEFAULT CELL_FLASH_CACHE DEFAULT)
  TABLESPACE "SYSTEM"
--------------------------------------------------------
--  DDL for Index SYS_C007008
--------------------------------------------------------

  CREATE UNIQUE INDEX "PRJDB"."SYS_C007008" ON "PRJDB"."POSTS" ("POSTNUM") 
  PCTFREE 10 INITRANS 2 MAXTRANS 255 COMPUTE STATISTICS 
  STORAGE(INITIAL 65536 NEXT 1048576 MINEXTENTS 1 MAXEXTENTS 2147483645
  PCTINCREASE 0 FREELISTS 1 FREELIST GROUPS 1 BUFFER_POOL DEFAULT FLASH_CACHE DEFAULT CELL_FLASH_CACHE DEFAULT)
  TABLESPACE "SYSTEM"
--------------------------------------------------------
--  DDL for Index SYS_C007002
--------------------------------------------------------

  CREATE UNIQUE INDEX "PRJDB"."SYS_C007002" ON "PRJDB"."TMPDESIGN" ("DESIGNNAME") 
  PCTFREE 10 INITRANS 2 MAXTRANS 255 COMPUTE STATISTICS 
  STORAGE(INITIAL 65536 NEXT 1048576 MINEXTENTS 1 MAXEXTENTS 2147483645
  PCTINCREASE 0 FREELISTS 1 FREELIST GROUPS 1 BUFFER_POOL DEFAULT FLASH_CACHE DEFAULT CELL_FLASH_CACHE DEFAULT)
  TABLESPACE "SYSTEM"
--------------------------------------------------------
--  DDL for Index SYS_C007054
--------------------------------------------------------

  CREATE UNIQUE INDEX "PRJDB"."SYS_C007054" ON "PRJDB"."USER_DESIGN" ("DESIGN_ID") 
  PCTFREE 10 INITRANS 2 MAXTRANS 255 
  STORAGE(INITIAL 65536 NEXT 1048576 MINEXTENTS 1 MAXEXTENTS 2147483645
  PCTINCREASE 0 FREELISTS 1 FREELIST GROUPS 1 BUFFER_POOL DEFAULT FLASH_CACHE DEFAULT CELL_FLASH_CACHE DEFAULT)
  TABLESPACE "SYSTEM"
--------------------------------------------------------
--  DDL for Index SYS_C007003
--------------------------------------------------------

  CREATE UNIQUE INDEX "PRJDB"."SYS_C007003" ON "PRJDB"."USER_INFO" ("ID") 
  PCTFREE 10 INITRANS 2 MAXTRANS 255 COMPUTE STATISTICS 
  STORAGE(INITIAL 65536 NEXT 1048576 MINEXTENTS 1 MAXEXTENTS 2147483645
  PCTINCREASE 0 FREELISTS 1 FREELIST GROUPS 1 BUFFER_POOL DEFAULT FLASH_CACHE DEFAULT CELL_FLASH_CACHE DEFAULT)
  TABLESPACE "SYSTEM"
--------------------------------------------------------
--  DDL for Trigger CONTRACT_ID_TRIGGER
--------------------------------------------------------

  CREATE OR REPLACE TRIGGER "PRJDB"."CONTRACT_ID_TRIGGER" 
BEFORE INSERT ON CONTRACTS
FOR EACH ROW
BEGIN
    :NEW.contract_id := CONTRACT_SEQ.NEXTVAL;
END;
ALTER TRIGGER "PRJDB"."CONTRACT_ID_TRIGGER" ENABLE
--------------------------------------------------------
--  DDL for Trigger FILES_TRIGGER
--------------------------------------------------------

  CREATE OR REPLACE TRIGGER "PRJDB"."FILES_TRIGGER" 
BEFORE INSERT ON files
FOR EACH ROW
 WHEN (NEW.id IS NULL) BEGIN
    SELECT files_seq.NEXTVAL INTO :NEW.id FROM dual;
END;
ALTER TRIGGER "PRJDB"."FILES_TRIGGER" ENABLE
--------------------------------------------------------
--  DDL for Trigger REQUEST_ID_TRIGGER
--------------------------------------------------------

  CREATE OR REPLACE TRIGGER "PRJDB"."REQUEST_ID_TRIGGER" 
BEFORE INSERT ON CONTRACTS
FOR EACH ROW
BEGIN
    :NEW.request_id := REQUEST_SEQ.NEXTVAL;
END;
ALTER TRIGGER "PRJDB"."REQUEST_ID_TRIGGER" ENABLE
--------------------------------------------------------
--  DDL for Trigger TRG_CHAT_MESSAGES_ID
--------------------------------------------------------

  CREATE OR REPLACE TRIGGER "PRJDB"."TRG_CHAT_MESSAGES_ID" 
BEFORE INSERT ON chat_messages
FOR EACH ROW
BEGIN
  :NEW.id := chat_messages_seq.NEXTVAL;
END;
ALTER TRIGGER "PRJDB"."TRG_CHAT_MESSAGES_ID" ENABLE
--------------------------------------------------------
--  DDL for Trigger TRG_CHAT_ROOMS_ID
--------------------------------------------------------

  CREATE OR REPLACE TRIGGER "PRJDB"."TRG_CHAT_ROOMS_ID" 
BEFORE INSERT ON chat_rooms
FOR EACH ROW
BEGIN
  :NEW.id := chat_rooms_seq.NEXTVAL;
END;

ALTER TRIGGER "PRJDB"."TRG_CHAT_ROOMS_ID" ENABLE
--------------------------------------------------------
--  DDL for Trigger TRG_CHAT_MESSAGES_ID
--------------------------------------------------------

  CREATE OR REPLACE TRIGGER "PRJDB"."TRG_CHAT_MESSAGES_ID" 
BEFORE INSERT ON chat_messages
FOR EACH ROW
BEGIN
  :NEW.id := chat_messages_seq.NEXTVAL;
END;
ALTER TRIGGER "PRJDB"."TRG_CHAT_MESSAGES_ID" ENABLE
--------------------------------------------------------
--  DDL for Trigger TRG_CHAT_ROOMS_ID
--------------------------------------------------------

  CREATE OR REPLACE TRIGGER "PRJDB"."TRG_CHAT_ROOMS_ID" 
BEFORE INSERT ON chat_rooms
FOR EACH ROW
BEGIN
  :NEW.id := chat_rooms_seq.NEXTVAL;
END;

ALTER TRIGGER "PRJDB"."TRG_CHAT_ROOMS_ID" ENABLE
--------------------------------------------------------
--  DDL for Trigger CONTRACT_ID_TRIGGER
--------------------------------------------------------

  CREATE OR REPLACE TRIGGER "PRJDB"."CONTRACT_ID_TRIGGER" 
BEFORE INSERT ON CONTRACTS
FOR EACH ROW
BEGIN
    :NEW.contract_id := CONTRACT_SEQ.NEXTVAL;
END;
ALTER TRIGGER "PRJDB"."CONTRACT_ID_TRIGGER" ENABLE
--------------------------------------------------------
--  DDL for Trigger REQUEST_ID_TRIGGER
--------------------------------------------------------

  CREATE OR REPLACE TRIGGER "PRJDB"."REQUEST_ID_TRIGGER" 
BEFORE INSERT ON CONTRACTS
FOR EACH ROW
BEGIN
    :NEW.request_id := REQUEST_SEQ.NEXTVAL;
END;
ALTER TRIGGER "PRJDB"."REQUEST_ID_TRIGGER" ENABLE
--------------------------------------------------------
--  DDL for Trigger FILES_TRIGGER
--------------------------------------------------------

  CREATE OR REPLACE TRIGGER "PRJDB"."FILES_TRIGGER" 
BEFORE INSERT ON files
FOR EACH ROW
 WHEN (NEW.id IS NULL) BEGIN
    SELECT files_seq.NEXTVAL INTO :NEW.id FROM dual;
END;
ALTER TRIGGER "PRJDB"."FILES_TRIGGER" ENABLE
--------------------------------------------------------
--  Constraints for Table CHAT_MESSAGES
--------------------------------------------------------

  ALTER TABLE "PRJDB"."CHAT_MESSAGES" ADD PRIMARY KEY ("ID")
  USING INDEX PCTFREE 10 INITRANS 2 MAXTRANS 255 COMPUTE STATISTICS 
  STORAGE(INITIAL 65536 NEXT 1048576 MINEXTENTS 1 MAXEXTENTS 2147483645
  PCTINCREASE 0 FREELISTS 1 FREELIST GROUPS 1 BUFFER_POOL DEFAULT FLASH_CACHE DEFAULT CELL_FLASH_CACHE DEFAULT)
  TABLESPACE "SYSTEM"  ENABLE
  ALTER TABLE "PRJDB"."CHAT_MESSAGES" MODIFY ("ROOMID" NOT NULL ENABLE)
--------------------------------------------------------
--  Constraints for Table CHAT_ROOMS
--------------------------------------------------------

  ALTER TABLE "PRJDB"."CHAT_ROOMS" ADD PRIMARY KEY ("ID")
  USING INDEX PCTFREE 10 INITRANS 2 MAXTRANS 255 COMPUTE STATISTICS 
  STORAGE(INITIAL 65536 NEXT 1048576 MINEXTENTS 1 MAXEXTENTS 2147483645
  PCTINCREASE 0 FREELISTS 1 FREELIST GROUPS 1 BUFFER_POOL DEFAULT FLASH_CACHE DEFAULT CELL_FLASH_CACHE DEFAULT)
  TABLESPACE "SYSTEM"  ENABLE
  ALTER TABLE "PRJDB"."CHAT_ROOMS" MODIFY ("CREATOR" NOT NULL ENABLE)
  ALTER TABLE "PRJDB"."CHAT_ROOMS" MODIFY ("NAME" NOT NULL ENABLE)
--------------------------------------------------------
--  Constraints for Table CONTRACTS
--------------------------------------------------------

  ALTER TABLE "PRJDB"."CONTRACTS" ADD PRIMARY KEY ("CONTRACT_ID")
  USING INDEX PCTFREE 10 INITRANS 2 MAXTRANS 255 COMPUTE STATISTICS 
  STORAGE(INITIAL 65536 NEXT 1048576 MINEXTENTS 1 MAXEXTENTS 2147483645
  PCTINCREASE 0 FREELISTS 1 FREELIST GROUPS 1 BUFFER_POOL DEFAULT FLASH_CACHE DEFAULT CELL_FLASH_CACHE DEFAULT)
  TABLESPACE "SYSTEM"  ENABLE
  ALTER TABLE "PRJDB"."CONTRACTS" MODIFY ("CONTRACT_ID" NOT NULL ENABLE)
--------------------------------------------------------
--  Constraints for Table FILES
--------------------------------------------------------

  ALTER TABLE "PRJDB"."FILES" ADD PRIMARY KEY ("ID")
  USING INDEX PCTFREE 10 INITRANS 2 MAXTRANS 255 COMPUTE STATISTICS 
  STORAGE(INITIAL 65536 NEXT 1048576 MINEXTENTS 1 MAXEXTENTS 2147483645
  PCTINCREASE 0 FREELISTS 1 FREELIST GROUPS 1 BUFFER_POOL DEFAULT FLASH_CACHE DEFAULT CELL_FLASH_CACHE DEFAULT)
  TABLESPACE "SYSTEM"  ENABLE
  ALTER TABLE "PRJDB"."FILES" MODIFY ("FILE_PATH" NOT NULL ENABLE)
  ALTER TABLE "PRJDB"."FILES" MODIFY ("FILE_NAME" NOT NULL ENABLE)
--------------------------------------------------------
--  Constraints for Table POSTS
--------------------------------------------------------

  ALTER TABLE "PRJDB"."POSTS" ADD PRIMARY KEY ("POSTNUM")
  USING INDEX PCTFREE 10 INITRANS 2 MAXTRANS 255 COMPUTE STATISTICS 
  STORAGE(INITIAL 65536 NEXT 1048576 MINEXTENTS 1 MAXEXTENTS 2147483645
  PCTINCREASE 0 FREELISTS 1 FREELIST GROUPS 1 BUFFER_POOL DEFAULT FLASH_CACHE DEFAULT CELL_FLASH_CACHE DEFAULT)
  TABLESPACE "SYSTEM"  ENABLE
--------------------------------------------------------
--  Constraints for Table TMPDESIGN
--------------------------------------------------------

  ALTER TABLE "PRJDB"."TMPDESIGN" ADD PRIMARY KEY ("DESIGNNAME")
  USING INDEX PCTFREE 10 INITRANS 2 MAXTRANS 255 COMPUTE STATISTICS 
  STORAGE(INITIAL 65536 NEXT 1048576 MINEXTENTS 1 MAXEXTENTS 2147483645
  PCTINCREASE 0 FREELISTS 1 FREELIST GROUPS 1 BUFFER_POOL DEFAULT FLASH_CACHE DEFAULT CELL_FLASH_CACHE DEFAULT)
  TABLESPACE "SYSTEM"  ENABLE
--------------------------------------------------------
--  Constraints for Table USER_DESIGN
--------------------------------------------------------

  ALTER TABLE "PRJDB"."USER_DESIGN" ADD PRIMARY KEY ("DESIGN_ID")
  USING INDEX PCTFREE 10 INITRANS 2 MAXTRANS 255 
  STORAGE(INITIAL 65536 NEXT 1048576 MINEXTENTS 1 MAXEXTENTS 2147483645
  PCTINCREASE 0 FREELISTS 1 FREELIST GROUPS 1 BUFFER_POOL DEFAULT FLASH_CACHE DEFAULT CELL_FLASH_CACHE DEFAULT)
  TABLESPACE "SYSTEM"  ENABLE
  ALTER TABLE "PRJDB"."USER_DESIGN" MODIFY ("DESIGN_NAME" NOT NULL ENABLE)
  ALTER TABLE "PRJDB"."USER_DESIGN" MODIFY ("SIZEE" NOT NULL ENABLE)
  ALTER TABLE "PRJDB"."USER_DESIGN" MODIFY ("FABRIC" NOT NULL ENABLE)
  ALTER TABLE "PRJDB"."USER_DESIGN" MODIFY ("CLOTHING_TYPE" NOT NULL ENABLE)
  ALTER TABLE "PRJDB"."USER_DESIGN" MODIFY ("ID" NOT NULL ENABLE)
  ALTER TABLE "PRJDB"."USER_DESIGN" MODIFY ("DESIGN_ID" NOT NULL ENABLE)
--------------------------------------------------------
--  Constraints for Table USER_INFO
--------------------------------------------------------

  ALTER TABLE "PRJDB"."USER_INFO" ADD PRIMARY KEY ("ID")
  USING INDEX PCTFREE 10 INITRANS 2 MAXTRANS 255 COMPUTE STATISTICS 
  STORAGE(INITIAL 65536 NEXT 1048576 MINEXTENTS 1 MAXEXTENTS 2147483645
  PCTINCREASE 0 FREELISTS 1 FREELIST GROUPS 1 BUFFER_POOL DEFAULT FLASH_CACHE DEFAULT CELL_FLASH_CACHE DEFAULT)
  TABLESPACE "SYSTEM"  ENABLE
--------------------------------------------------------
--  Ref Constraints for Table CHAT_MESSAGES
--------------------------------------------------------

  ALTER TABLE "PRJDB"."CHAT_MESSAGES" ADD CONSTRAINT "FK_ROOM" FOREIGN KEY ("ROOMID")
	  REFERENCES "PRJDB"."CHAT_ROOMS" ("ID") ENABLE
