<?xml version="1.0" encoding="UTF-8" ?>
<!DOCTYPE mapper
        PUBLIC "-//mybatis.org//DTD Mapper 3.0//EN"
        "http://mybatis.org/dtd/mybatis-3-mapper.dtd">

<mapper namespace="com.example.Loginpj.mapper.ChatRoomMapper">

    <insert id="createChatRoom" parameterType="ChatRoom">
        INSERT INTO chat_rooms (id, name, creator)
        VALUES (chat_room_seq.NEXTVAL, #{name}, #{creator})
    </insert>

    <select id="getAllChatRooms" resultType="ChatRoom">
        SELECT * FROM chat_rooms ORDER BY created_at DESC
    </select>

    <select id="getChatRoomById" parameterType="long" resultType="ChatRoom">
        SELECT * FROM chat_rooms WHERE id = #{id}
    </select>

    <delete id="deleteChatRoom" parameterType="long">
        DELETE FROM chat_rooms WHERE id = #{id}
    </delete>
     <delete id="deleteMessagesByRoomId" parameterType="long">
  		DELETE FROM chat_messages WHERE roomId = #{roomId}
	</delete>

</mapper>