<?xml version="1.0" encoding="UTF-8" ?>
<!DOCTYPE mapper
        PUBLIC "-//mybatis.org//DTD Mapper 3.0//EN"
        "http://mybatis.org/dtd/mybatis-3-mapper.dtd">

<mapper namespace="com.example.Loginpj.mapper.UserMapper">
	<resultMap id="UserResultMap" type="com.example.Loginpj.model.User">
    	<result property="username" column="id"/>
    	<result property="password" column="passwd"/>
    	<result property="email" column="email"/>
    	<result property="usertype" column="usertype"/>
	</resultMap>
    <select id="findById" resultMap="UserResultMap">
		SELECT id, passwd, email, usertype, birthdate, tel, name, gender FROM user_info WHERE id = #{username}    
	</select>
	
    <insert id="insertUser" parameterType="com.example.Loginpj.model.User">
        INSERT INTO user_info (id, passwd, email, usertype, birthdate, tel, name, gender)
        VALUES (#{username}, #{password}, #{email}, #{usertype}, #{birthdate}, #{tel}, #{name}, #{gender})
    </insert>

</mapper>
